ID,Full Name,Age,Gender,State of Residence,City of Residence,Profession,Height (cm),Languages You Speak,Religion,Current Relationship Status,Dietary Preference,Smoking Habit,Drinking Habit,Zodiac Sign,Favorite Movie Genres,Favorite Music Genres,Type of Food Liked,Hobbies and Interests,Who would you like to date?,Type of Relationship Looking For,Partner Type,Views on Marriage,Top 3 Qualities You Want in a Partner,Top 3 Dealbreakers,Qualities Wanted in Partner
1,Aarav,42,Male,Uttar Pradesh,Bangalore,Non-Student,156,"English, Telugu",Muslim,In a Relationship,Vegetarian,Occasionally,Yes,Scorpio,"Drama, Romance, Sci-Fi, Mystery","Bhojpuri, Hip Hop, Classical, Country","Continental, Thai, Japanese, Italian, Mexican","Fitness & Sports, Traveling, Movies & TV Shows, Music, Anime",Women,Open to Exploring,Ambivert,Love-cum-Arranged,"Supportive, Understanding, Respectful","Anger issues, Cheating, Ego","Physically Attractive ğŸ’•, Trustworthy â¤ï¸, Financially Stable ğŸ’°, Caring & Supportive ğŸ¤—"
2,Aman,47,Male,Rajasthan,Ahmedabad,Student,188,"Marathi, Punjabi, Bengali",Other,It's Complicated,Eggetarian,Yes,No,Taurus,Documentary,"Classical, Indian Classical","Indian, Thai, Chinese, Japanese","Anime, Movies & TV Shows, Reading",Women,Open to Exploring,Ambivert,Arranged Marriage,"Trustworthy, Loyal, Loving","Anger issues, Cheating, Ego",Caring & Supportive ğŸ¤—
3,Aarav,53,Male,Bihar,Bangalore,Student,178,Punjabi,Other,Single,Vegetarian,Occasionally,Yes,Virgo,Drama,Hip Hop,"Mexican, Thai, Italian","Traveling, Fitness & Sports, Anime",Women,Casual Dating,Ambivert,Arranged Marriage,"Loyal, Caring, Ambitious","Disrespect, Selfishness, Negativity","Trustworthy â¤ï¸, Loyal & Honest ğŸ’, Family Oriented ğŸ‘¨â€ğŸ‘©â€ğŸ‘§â€ğŸ‘¦"
4,Nikhil,25,Male,Maharashtra,Bangalore,Non-Student,183,"Telugu, Gujarati",Sikh,Single,Eggetarian,No,Yes,Capricorn,Romance,Classical,"Continental, Chinese, Mexican","Reading, Fitness & Sports, Traveling, Movies & TV Shows",Non-binary people,Open to Exploring,Extrovert,Arranged Marriage,"Supportive, Understanding, Respectful","Lack of communication, Irresponsibility, Immaturity","Trustworthy â¤ï¸, Loyal & Honest ğŸ’, Caring & Supportive ğŸ¤—, Financially Stable ğŸ’°"
5,Sagar,21,Male,Gujarat,Bangalore,Student,169,"Tamil, Hindi",Hindu,In a Relationship,Eggetarian,No,No,Cancer,Fantasy,"Indian Classical, Hip Hop, Jazz, Classical","Thai, Chinese, Mexican, Indian, Italian","Music, Anime, Traveling, Movies & TV Shows, Fitness & Sports",Women,Friendship with Benefits,Ambivert,Love Marriage,"Loyal, Caring, Ambitious","Anger issues, Cheating, Ego","Trustworthy â¤ï¸, Financially Stable ğŸ’°, Family Oriented ğŸ‘¨â€ğŸ‘©â€ğŸ‘§â€ğŸ‘¦, Physically Attractive ğŸ’•, Caring & Supportive ğŸ¤—"
6,Sandeep,17,Male,Maharashtra,Kolkata,Student,156,Punjabi,Hindu,It's Complicated,Non-Vegetarian,No,Occasionally,Taurus,"Romance, Drama, Fantasy","Classical, Indian Classical, Rock, Folk",Chinese,"Traveling, Movies & TV Shows",Non-binary people,Casual Dating,Introvert,Love Marriage,"Trustworthy, Loyal, Loving","Dishonesty, Arrogance, Laziness","Family Oriented ğŸ‘¨â€ğŸ‘©â€ğŸ‘§â€ğŸ‘¦, Physically Attractive ğŸ’•"
7,Aman,55,Male,Uttar Pradesh,Jaipur,Non-Student,176,Punjabi,Hindu,It's Complicated,Eggetarian,Occasionally,Occasionally,Capricorn,Horror,Classical,"Chinese, Italian, Continental, Mexican, Indian","Music, Anime, Traveling, Reading",Men,Friendship with Benefits,Introvert,Love-cum-Arranged,"Trustworthy, Loyal, Loving","Lack of communication, Irresponsibility, Immaturity","Family Oriented ğŸ‘¨â€ğŸ‘©â€ğŸ‘§â€ğŸ‘¦, Loyal & Honest ğŸ’, Trustworthy â¤ï¸, Financially Stable ğŸ’°, Caring & Supportive ğŸ¤—"
8,Manish,25,Male,Maharashtra,Bangalore,Non-Student,173,"Tamil, Gujarati",Christian,In a Relationship,Vegan,No,Yes,Libra,"Fantasy, Action","Hip Hop, Classical","Japanese, Thai","Music, Fitness & Sports",Non-binary people,Long-term / Serious Relationship,Extrovert,Arranged Marriage,"Honest, Kind, Funny","Anger issues, Cheating, Ego","Trustworthy â¤ï¸, Financially Stable ğŸ’°"
9,Nikhil,22,Male,Maharashtra,Mumbai,Non-Student,171,"Marathi, Punjabi, English",Muslim,Single,Non-Vegetarian,Yes,No,Capricorn,"Sci-Fi, Thriller, Horror, Romance",Indian Classical,"Continental, Italian","Anime, Reading, Music, Traveling",Women,Friendship with Benefits,Extrovert,Love Marriage,"Supportive, Understanding, Respectful","Anger issues, Cheating, Ego","Caring & Supportive ğŸ¤—, Physically Attractive ğŸ’•, Loyal & Honest ğŸ’, Trustworthy â¤ï¸"
10,Ankit,54,Male,Maharashtra,Lucknow,Student,182,Tamil,Muslim,In a Relationship,Non-Vegetarian,No,No,Scorpio,Thriller,"Bhojpuri, Folk, Jazz, Indian Classical, Hip Hop","Continental, Indian, Japanese","Fitness & Sports, Music, Traveling, Anime, Reading",Men,Long-term / Serious Relationship,Extrovert,Love-cum-Arranged,"Patient, Confident, Optimistic","Anger issues, Cheating, Ego","Caring & Supportive ğŸ¤—, Trustworthy â¤ï¸, Loyal & Honest ğŸ’"
11,Vivaan,49,Male,Karnataka,Kolkata,Student,178,Gujarati,Christian,Single,Vegan,Yes,Yes,Gemini,"Thriller, Animation, Romance, Mystery, Horror",Indian Classical,"Indian, Mexican, Chinese, Japanese, Thai","Music, Movies & TV Shows, Traveling",Non-binary people,Friendship with Benefits,Extrovert,Love Marriage,"Supportive, Understanding, Respectful","Anger issues, Cheating, Ego","Trustworthy â¤ï¸, Family Oriented ğŸ‘¨â€ğŸ‘©â€ğŸ‘§â€ğŸ‘¦, Loyal & Honest ğŸ’, Caring & Supportive ğŸ¤—, Financially Stable ğŸ’°"
12,Rohan,33,Male,Rajasthan,Mumbai,Non-Student,187,"Marathi, English",Christian,Single,Vegetarian,Occasionally,Yes,Gemini,"Mystery, Comedy, Thriller, Horror","Bhojpuri, Rock, Country","Italian, Thai, Mexican, Continental, Japanese","Traveling, Movies & TV Shows, Reading, Anime, Fitness & Sports",Men,Friendship with Benefits,Introvert,Arranged Marriage,"Loyal, Caring, Ambitious","Dishonesty, Arrogance, Laziness","Trustworthy â¤ï¸, Financially Stable ğŸ’°, Loyal & Honest ğŸ’, Family Oriented ğŸ‘¨â€ğŸ‘©â€ğŸ‘§â€ğŸ‘¦"
13,Aditya,42,Male,Tamil Nadu,Patna,Student,188,"Telugu, Punjabi, Hindi, Bengali",Muslim,In a Relationship,Non-Vegetarian,No,Occasionally,Aquarius,"Romance, Horror","Rock, Hip Hop, Bhojpuri, Pop, Folk","Thai, Indian, Continental, Mexican","Movies & TV Shows, Anime, Reading, Fitness & Sports, Music",Men,Long-term / Serious Relationship,Ambivert,Arranged Marriage,"Supportive, Understanding, Respectful","Lack of communication, Irresponsibility, Immaturity",Loyal & Honest ğŸ’
14,Deepak,33,Male,Maharashtra,Delhi,Student,172,"Punjabi, Bengali, Telugu, Tamil",Muslim,It's Complicated,Vegetarian,No,No,Taurus,"Horror, Documentary",Rock,Chinese,"Movies & TV Shows, Fitness & Sports, Music",Women,Open to Exploring,Ambivert,Arranged Marriage,"Patient, Confident, Optimistic","Dishonesty, Arrogance, Laziness","Caring & Supportive ğŸ¤—, Financially Stable ğŸ’°"
15,Aman,40,Male,West Bengal,Jaipur,Non-Student,164,"Gujarati, Marathi, Telugu, Bengali, Hindi",Hindu,In a Relationship,Eggetarian,No,No,Sagittarius,Animation,"Hip Hop, Jazz, Pop","Mexican, Chinese, Thai, Indian, Japanese","Anime, Fitness & Sports, Movies & TV Shows, Reading",Women,Friendship with Benefits,Introvert,Love Marriage,"Loyal, Caring, Ambitious","Lack of communication, Irresponsibility, Immaturity","Financially Stable ğŸ’°, Physically Attractive ğŸ’•, Family Oriented ğŸ‘¨â€ğŸ‘©â€ğŸ‘§â€ğŸ‘¦"
16,Aditya,28,Male,Rajasthan,Chennai,Student,176,"Bengali, English, Telugu, Punjabi",Hindu,Single,Vegetarian,No,Yes,Libra,"Documentary, Sci-Fi, Mystery, Thriller, Horror",Hip Hop,"Indian, Continental, Chinese, Japanese","Fitness & Sports, Anime",Non-binary people,Friendship with Benefits,Extrovert,Love-cum-Arranged,"Honest, Kind, Funny","Anger issues, Cheating, Ego",Family Oriented ğŸ‘¨â€ğŸ‘©â€ğŸ‘§â€ğŸ‘¦
17,Vikas,32,Male,Uttar Pradesh,Ahmedabad,Student,153,"Hindi, Tamil",Hindu,It's Complicated,Vegan,No,Yes,Capricorn,Comedy,"Pop, Folk, Country, Rock","Mexican, Italian, Chinese, Indian, Thai",Fitness & Sports,Women,Friendship with Benefits,Ambivert,Love-cum-Arranged,"Supportive, Understanding, Respectful","Disrespect, Selfishness, Negativity","Trustworthy â¤ï¸, Physically Attractive ğŸ’•, Loyal & Honest ğŸ’"
18,Aditya,36,Male,Punjab,Lucknow,Student,185,Hindi,Sikh,It's Complicated,Non-Vegetarian,Occasionally,No,Libra,"Fantasy, Action","Hip Hop, Rock, Folk","Chinese, Continental, Japanese, Thai, Indian","Fitness & Sports, Movies & TV Shows, Music",Women,Open to Exploring,Extrovert,Love-cum-Arranged,"Supportive, Understanding, Respectful","Disrespect, Selfishness, Negativity","Loyal & Honest ğŸ’, Physically Attractive ğŸ’•"
19,Manish,26,Male,Gujarat,Chennai,Student,166,"Bengali, Tamil, English, Telugu",Hindu,It's Complicated,Vegan,Yes,Occasionally,Libra,"Comedy, Documentary","Pop, Rock, Jazz, Classical, Folk","Mexican, Thai, Japanese, Indian","Music, Reading",Non-binary people,Long-term / Serious Relationship,Ambivert,Love-cum-Arranged,"Loyal, Caring, Ambitious","Lack of communication, Irresponsibility, Immaturity","Trustworthy â¤ï¸, Loyal & Honest ğŸ’"
20,Sandeep,46,Male,Uttar Pradesh,Kolkata,Student,167,Punjabi,Hindu,Single,Eggetarian,No,Occasionally,Libra,"Horror, Animation, Romance, Drama, Fantasy",Rock,"Continental, Japanese","Fitness & Sports, Anime, Traveling, Reading, Music",Men,Long-term / Serious Relationship,Extrovert,Arranged Marriage,"Supportive, Understanding, Respectful","Addiction, Disloyalty, Lying","Financially Stable ğŸ’°, Family Oriented ğŸ‘¨â€ğŸ‘©â€ğŸ‘§â€ğŸ‘¦, Trustworthy â¤ï¸"
21,Harsh,28,Male,Uttar Pradesh,Lucknow,Student,190,"English, Tamil, Gujarati, Telugu",Christian,It's Complicated,Eggetarian,Yes,Yes,Scorpio,"Mystery, Documentary, Sci-Fi",Folk,Thai,"Reading, Music, Movies & TV Shows, Traveling",Men,Open to Exploring,Extrovert,Arranged Marriage,"Honest, Kind, Funny","Anger issues, Cheating, Ego","Caring & Supportive ğŸ¤—, Family Oriented ğŸ‘¨â€ğŸ‘©â€ğŸ‘§â€ğŸ‘¦"
22,Sandeep,47,Male,Maharashtra,Delhi,Student,163,"Punjabi, English",Muslim,In a Relationship,Eggetarian,No,Occasionally,Aries,Thriller,"Jazz, Hip Hop, Pop","Italian, Mexican, Japanese","Movies & TV Shows, Music, Traveling, Fitness & Sports, Reading",Women,Long-term / Serious Relationship,Introvert,Love Marriage,"Trustworthy, Loyal, Loving","Lack of communication, Irresponsibility, Immaturity","Loyal & Honest ğŸ’, Trustworthy â¤ï¸, Financially Stable ğŸ’°"
23,Aarav,22,Male,West Bengal,Jaipur,Student,170,"Hindi, Marathi",Hindu,In a Relationship,Non-Vegetarian,Occasionally,Occasionally,Gemini,"Fantasy, Romance","Indian Classical, Classical, Hip Hop","Japanese, Italian, Chinese","Reading, Anime, Movies & TV Shows, Fitness & Sports, Music",Non-binary people,Open to Exploring,Extrovert,Love-cum-Arranged,"Honest, Kind, Funny","Lack of communication, Irresponsibility, Immaturity",Trustworthy â¤ï¸
24,Sandeep,31,Male,Karnataka,Lucknow,Non-Student,172,English,Other,In a Relationship,Eggetarian,Yes,Occasionally,Aquarius,Documentary,"Hip Hop, Jazz","Japanese, Thai, Indian",Music,Men,Long-term / Serious Relationship,Ambivert,Love-cum-Arranged,"Loyal, Caring, Ambitious","Dishonesty, Arrogance, Laziness","Family Oriented ğŸ‘¨â€ğŸ‘©â€ğŸ‘§â€ğŸ‘¦, Financially Stable ğŸ’°, Physically Attractive ğŸ’•, Trustworthy â¤ï¸, Loyal & Honest ğŸ’"
25,Rahul,23,Male,Delhi,Mumbai,Non-Student,150,"Marathi, Hindi",Hindu,In a Relationship,Vegan,Occasionally,Occasionally,Scorpio,"Thriller, Horror, Mystery, Sci-Fi","Indian Classical, Folk, Pop, Hip Hop","Chinese, Italian, Indian, Thai, Japanese","Music, Movies & TV Shows, Reading, Anime, Fitness & Sports",Women,Open to Exploring,Ambivert,Love-cum-Arranged,"Supportive, Understanding, Respectful","Disrespect, Selfishness, Negativity","Physically Attractive ğŸ’•, Caring & Supportive ğŸ¤—, Financially Stable ğŸ’°"
26,Aman,40,Male,West Bengal,Kolkata,Student,175,"Gujarati, Marathi, Bengali, Telugu, Punjabi",Muslim,In a Relationship,Vegan,Yes,Occasionally,Libra,"Animation, Action, Mystery, Romance, Horror",Rock,"Thai, Italian, Japanese, Continental","Music, Fitness & Sports, Movies & TV Shows",Women,Friendship with Benefits,Introvert,Love Marriage,"Trustworthy, Loyal, Loving","Addiction, Disloyalty, Lying","Trustworthy â¤ï¸, Loyal & Honest ğŸ’"
27,Ravi,24,Male,Bihar,Lucknow,Non-Student,189,"Bengali, Tamil, Punjabi, Telugu, Marathi",Sikh,Single,Vegetarian,Occasionally,Yes,Libra,"Drama, Documentary, Thriller","Rock, Country, Indian Classical",Thai,"Fitness & Sports, Anime",Women,Long-term / Serious Relationship,Extrovert,Love-cum-Arranged,"Patient, Confident, Optimistic","Anger issues, Cheating, Ego","Physically Attractive ğŸ’•, Caring & Supportive ğŸ¤—"
28,Deepak,38,Male,Gujarat,Lucknow,Student,164,"Bengali, Punjabi, English, Telugu",Hindu,In a Relationship,Non-Vegetarian,Yes,Yes,Aquarius,"Action, Animation",Hip Hop,"Japanese, Italian, Mexican, Thai, Chinese",Traveling,Non-binary people,Casual Dating,Ambivert,Love Marriage,"Loyal, Caring, Ambitious","Disrespect, Selfishness, Negativity","Loyal & Honest ğŸ’, Trustworthy â¤ï¸, Physically Attractive ğŸ’•, Family Oriented ğŸ‘¨â€ğŸ‘©â€ğŸ‘§â€ğŸ‘¦, Caring & Supportive ğŸ¤—"
29,Aarav,21,Male,Punjab,Jaipur,Non-Student,177,Bengali,Other,In a Relationship,Non-Vegetarian,Yes,No,Leo,"Fantasy, Thriller","Folk, Rock, Jazz, Hip Hop, Indian Classical","Italian, Japanese, Mexican, Indian","Reading, Traveling, Fitness & Sports, Music",Men,Casual Dating,Extrovert,Arranged Marriage,"Loyal, Caring, Ambitious","Addiction, Disloyalty, Lying","Financially Stable ğŸ’°, Loyal & Honest ğŸ’"
30,Vivaan,30,Male,Punjab,Delhi,Student,177,"Telugu, Punjabi",Other,It's Complicated,Vegan,Occasionally,No,Scorpio,"Sci-Fi, Fantasy","Classical, Pop, Indian Classical, Country","Indian, Chinese","Fitness & Sports, Movies & TV Shows",Women,Open to Exploring,Ambivert,Love Marriage,"Patient, Confident, Optimistic","Disrespect, Selfishness, Negativity","Family Oriented ğŸ‘¨â€ğŸ‘©â€ğŸ‘§â€ğŸ‘¦, Caring & Supportive ğŸ¤—, Financially Stable ğŸ’°, Loyal & Honest ğŸ’"
31,Aarav,30,Male,West Bengal,Jaipur,Non-Student,177,"Tamil, Telugu, English, Hindi, Punjabi",Other,In a Relationship,Vegetarian,Occasionally,Occasionally,Capricorn,"Action, Mystery, Drama","Hip Hop, Jazz","Japanese, Chinese, Italian","Movies & TV Shows, Anime",Women,Open to Exploring,Ambivert,Love Marriage,"Loyal, Caring, Ambitious","Disrespect, Selfishness, Negativity","Trustworthy â¤ï¸, Family Oriented ğŸ‘¨â€ğŸ‘©â€ğŸ‘§â€ğŸ‘¦, Loyal & Honest ğŸ’"
32,Nikhil,44,Male,Maharashtra,Mumbai,Student,159,"English, Hindi, Gujarati",Christian,Single,Non-Vegetarian,Occasionally,Yes,Capricorn,"Drama, Documentary, Thriller","Pop, Bhojpuri","Mexican, Italian, Continental, Indian","Reading, Fitness & Sports, Anime",Women,Friendship with Benefits,Extrovert,Arranged Marriage,"Trustworthy, Loyal, Loving","Anger issues, Cheating, Ego",Caring & Supportive ğŸ¤—
33,Ankit,58,Male,Tamil Nadu,Lucknow,Non-Student,172,"Tamil, English, Hindi",Hindu,It's Complicated,Non-Vegetarian,Occasionally,Yes,Cancer,"Fantasy, Action","Pop, Country",Chinese,Anime,Non-binary people,Friendship with Benefits,Introvert,Arranged Marriage,"Supportive, Understanding, Respectful","Anger issues, Cheating, Ego","Trustworthy â¤ï¸, Physically Attractive ğŸ’•"
34,Arjun,50,Male,Gujarat,Lucknow,Non-Student,166,Gujarati,Christian,It's Complicated,Vegan,Yes,Occasionally,Capricorn,"Drama, Thriller","Folk, Rock","Indian, Continental","Anime, Traveling, Fitness & Sports, Movies & TV Shows",Women,Friendship with Benefits,Ambivert,Love Marriage,"Honest, Kind, Funny","Dishonesty, Arrogance, Laziness","Physically Attractive ğŸ’•, Financially Stable ğŸ’°, Loyal & Honest ğŸ’, Trustworthy â¤ï¸, Family Oriented ğŸ‘¨â€ğŸ‘©â€ğŸ‘§â€ğŸ‘¦"
35,Ravi,55,Male,Punjab,Mumbai,Student,173,"Punjabi, Tamil, Gujarati, English, Hindi",Sikh,It's Complicated,Eggetarian,No,Yes,Libra,Action,"Jazz, Rock, Pop, Hip Hop, Folk","Continental, Chinese, Italian, Mexican","Reading, Movies & TV Shows, Traveling, Music, Fitness & Sports",Non-binary people,Casual Dating,Ambivert,Love Marriage,"Honest, Kind, Funny","Addiction, Disloyalty, Lying","Physically Attractive ğŸ’•, Financially Stable ğŸ’°, Loyal & Honest ğŸ’, Caring & Supportive ğŸ¤—"
36,Vivaan,40,Male,Bihar,Mumbai,Non-Student,164,"Gujarati, Punjabi, Telugu, Marathi",Hindu,It's Complicated,Non-Vegetarian,Yes,Occasionally,Leo,Comedy,"Hip Hop, Pop, Jazz, Classical",Chinese,Reading,Non-binary people,Friendship with Benefits,Introvert,Love Marriage,"Patient, Confident, Optimistic","Dishonesty, Arrogance, Laziness","Family Oriented ğŸ‘¨â€ğŸ‘©â€ğŸ‘§â€ğŸ‘¦, Physically Attractive ğŸ’•"
37,Manish,42,Male,Maharashtra,Bangalore,Student,151,"Tamil, Gujarati, Hindi",Other,It's Complicated,Non-Vegetarian,No,Yes,Pisces,Fantasy,"Folk, Hip Hop","Continental, Japanese, Chinese",Reading,Women,Friendship with Benefits,Introvert,Love Marriage,"Honest, Kind, Funny","Lack of communication, Irresponsibility, Immaturity","Trustworthy â¤ï¸, Caring & Supportive ğŸ¤—, Loyal & Honest ğŸ’"
38,Aarav,50,Male,Delhi,Lucknow,Student,170,"Bengali, English",Sikh,Single,Eggetarian,No,Yes,Libra,"Drama, Sci-Fi, Documentary, Mystery","Folk, Pop, Country","Indian, Chinese","Movies & TV Shows, Reading, Traveling",Non-binary people,Open to Exploring,Ambivert,Love Marriage,"Honest, Kind, Funny","Disrespect, Selfishness, Negativity","Family Oriented ğŸ‘¨â€ğŸ‘©â€ğŸ‘§â€ğŸ‘¦, Loyal & Honest ğŸ’, Financially Stable ğŸ’°"
39,Aarav,53,Male,Delhi,Kolkata,Student,173,"English, Tamil, Marathi, Hindi, Bengali",Sikh,In a Relationship,Eggetarian,No,Yes,Cancer,"Animation, Drama, Fantasy, Sci-Fi","Hip Hop, Pop, Indian Classical, Jazz","Mexican, Chinese, Continental, Thai","Traveling, Music, Movies & TV Shows, Fitness & Sports",Non-binary people,Open to Exploring,Extrovert,Arranged Marriage,"Honest, Kind, Funny","Dishonesty, Arrogance, Laziness","Family Oriented ğŸ‘¨â€ğŸ‘©â€ğŸ‘§â€ğŸ‘¦, Financially Stable ğŸ’°"
40,Mohit,18,Male,Karnataka,Mumbai,Non-Student,183,Punjabi,Muslim,Single,Eggetarian,No,No,Gemini,"Drama, Fantasy","Classical, Folk, Country","Indian, Mexican, Continental","Fitness & Sports, Anime, Reading, Music",Non-binary people,Friendship with Benefits,Extrovert,Arranged Marriage,"Trustworthy, Loyal, Loving","Dishonesty, Arrogance, Laziness","Loyal & Honest ğŸ’, Family Oriented ğŸ‘¨â€ğŸ‘©â€ğŸ‘§â€ğŸ‘¦"
41,Rohan,28,Male,Maharashtra,Patna,Student,184,Punjabi,Hindu,In a Relationship,Vegetarian,No,Yes,Cancer,Romance,"Indian Classical, Hip Hop, Folk","Mexican, Japanese, Thai, Indian, Continental",Movies & TV Shows,Non-binary people,Casual Dating,Extrovert,Love Marriage,"Patient, Confident, Optimistic","Anger issues, Cheating, Ego","Physically Attractive ğŸ’•, Family Oriented ğŸ‘¨â€ğŸ‘©â€ğŸ‘§â€ğŸ‘¦, Financially Stable ğŸ’°"
42,Nikhil,41,Male,Punjab,Bangalore,Student,162,"Marathi, English, Tamil",Sikh,It's Complicated,Vegetarian,No,No,Aquarius,"Mystery, Animation, Action, Comedy, Thriller","Pop, Rock, Classical","Mexican, Chinese, Continental, Italian","Music, Fitness & Sports, Traveling, Anime",Men,Long-term / Serious Relationship,Extrovert,Love-cum-Arranged,"Patient, Confident, Optimistic","Dishonesty, Arrogance, Laziness",Caring & Supportive ğŸ¤—
43,Vivaan,33,Male,Delhi,Jaipur,Student,187,"Marathi, Telugu",Sikh,It's Complicated,Eggetarian,Yes,Occasionally,Sagittarius,Thriller,"Folk, Hip Hop","Chinese, Thai, Japanese","Anime, Fitness & Sports, Music",Men,Open to Exploring,Extrovert,Love Marriage,"Trustworthy, Loyal, Loving","Dishonesty, Arrogance, Laziness","Physically Attractive ğŸ’•, Financially Stable ğŸ’°"
44,Deepak,31,Male,Delhi,Kolkata,Non-Student,187,"Bengali, English, Telugu",Other,In a Relationship,Non-Vegetarian,Yes,Yes,Libra,"Comedy, Documentary, Drama, Thriller","Jazz, Folk, Bhojpuri","Indian, Japanese","Fitness & Sports, Movies & TV Shows",Men,Friendship with Benefits,Extrovert,Arranged Marriage,"Supportive, Understanding, Respectful","Lack of communication, Irresponsibility, Immaturity","Financially Stable ğŸ’°, Trustworthy â¤ï¸, Physically Attractive ğŸ’•"
45,Vikas,59,Male,Uttar Pradesh,Chandigarh,Non-Student,173,"English, Marathi, Bengali, Hindi, Punjabi",Muslim,In a Relationship,Vegan,Occasionally,No,Scorpio,"Drama, Animation, Action, Thriller","Folk, Indian Classical","Chinese, Indian, Japanese, Mexican","Reading, Music, Fitness & Sports, Movies & TV Shows, Traveling",Women,Casual Dating,Ambivert,Love Marriage,"Supportive, Understanding, Respectful","Anger issues, Cheating, Ego","Financially Stable ğŸ’°, Caring & Supportive ğŸ¤—"
46,Manish,21,Male,Karnataka,Patna,Non-Student,169,"English, Tamil, Hindi, Gujarati",Hindu,It's Complicated,Vegetarian,Occasionally,Occasionally,Sagittarius,"Action, Comedy, Romance","Rock, Jazz, Classical","Indian, Italian",Fitness & Sports,Men,Open to Exploring,Introvert,Love-cum-Arranged,"Patient, Confident, Optimistic","Disrespect, Selfishness, Negativity","Physically Attractive ğŸ’•, Trustworthy â¤ï¸, Loyal & Honest ğŸ’, Caring & Supportive ğŸ¤—"
47,Mohit,51,Male,Maharashtra,Jaipur,Non-Student,163,"Telugu, Gujarati, English, Tamil, Hindi",Sikh,It's Complicated,Vegan,No,Yes,Aquarius,"Mystery, Romance",Pop,"Indian, Continental, Thai, Japanese, Mexican","Music, Reading, Movies & TV Shows",Women,Open to Exploring,Introvert,Love Marriage,"Patient, Confident, Optimistic","Lack of communication, Irresponsibility, Immaturity","Financially Stable ğŸ’°, Loyal & Honest ğŸ’, Caring & Supportive ğŸ¤—, Physically Attractive ğŸ’•, Trustworthy â¤ï¸"
48,Aman,35,Male,Maharashtra,Delhi,Student,168,"Tamil, Telugu",Christian,In a Relationship,Vegetarian,No,No,Capricorn,Sci-Fi,"Hip Hop, Indian Classical, Country","Continental, Chinese, Indian, Mexican, Japanese",Traveling,Men,Open to Exploring,Extrovert,Love-cum-Arranged,"Loyal, Caring, Ambitious","Lack of communication, Irresponsibility, Immaturity","Financially Stable ğŸ’°, Trustworthy â¤ï¸, Caring & Supportive ğŸ¤—, Physically Attractive ğŸ’•, Family Oriented ğŸ‘¨â€ğŸ‘©â€ğŸ‘§â€ğŸ‘¦"
49,Manish,17,Male,Karnataka,Kolkata,Student,180,"Tamil, Hindi, Gujarati, English",Sikh,Single,Eggetarian,Occasionally,No,Aries,"Mystery, Action, Fantasy","Bhojpuri, Jazz, Folk, Hip Hop","Continental, Chinese, Mexican, Japanese, Thai","Fitness & Sports, Traveling, Movies & TV Shows",Women,Casual Dating,Introvert,Arranged Marriage,"Supportive, Understanding, Respectful","Disrespect, Selfishness, Negativity","Financially Stable ğŸ’°, Trustworthy â¤ï¸, Loyal & Honest ğŸ’, Caring & Supportive ğŸ¤—, Physically Attractive ğŸ’•"
50,Sandeep,56,Male,Tamil Nadu,Chandigarh,Student,190,Tamil,Christian,Single,Vegan,Yes,No,Scorpio,"Comedy, Animation, Documentary, Fantasy","Bhojpuri, Classical, Jazz, Country",Japanese,"Traveling, Anime, Fitness & Sports, Reading",Women,Friendship with Benefits,Extrovert,Love Marriage,"Honest, Kind, Funny","Dishonesty, Arrogance, Laziness","Family Oriented ğŸ‘¨â€ğŸ‘©â€ğŸ‘§â€ğŸ‘¦, Financially Stable ğŸ’°, Trustworthy â¤ï¸, Caring & Supportive ğŸ¤—"
51,Karan,33,Male,Delhi,Jaipur,Non-Student,189,"Tamil, English, Telugu, Bengali",Other,It's Complicated,Vegetarian,Occasionally,No,Leo,"Documentary, Thriller, Action, Sci-Fi, Mystery","Rock, Classical, Jazz","Japanese, Indian, Chinese","Traveling, Reading, Music, Anime",Women,Long-term / Serious Relationship,Ambivert,Arranged Marriage,"Loyal, Caring, Ambitious","Lack of communication, Irresponsibility, Immaturity",Loyal & Honest ğŸ’
52,Vivaan,22,Male,Gujarat,Delhi,Non-Student,173,English,Other,Single,Vegetarian,No,Occasionally,Taurus,"Drama, Documentary, Romance, Horror","Country, Hip Hop, Indian Classical, Rock","Chinese, Thai, Indian, Continental, Italian","Traveling, Anime",Non-binary people,Open to Exploring,Ambivert,Love-cum-Arranged,"Honest, Kind, Funny","Dishonesty, Arrogance, Laziness","Caring & Supportive ğŸ¤—, Loyal & Honest ğŸ’, Family Oriented ğŸ‘¨â€ğŸ‘©â€ğŸ‘§â€ğŸ‘¦, Financially Stable ğŸ’°"
53,Manish,45,Male,Gujarat,Patna,Non-Student,189,"Punjabi, Marathi",Sikh,It's Complicated,Vegetarian,Yes,Yes,Libra,"Fantasy, Mystery, Drama, Sci-Fi","Bhojpuri, Folk, Hip Hop, Indian Classical, Jazz","Continental, Japanese",Music,Non-binary people,Long-term / Serious Relationship,Extrovert,Love Marriage,"Honest, Kind, Funny","Dishonesty, Arrogance, Laziness","Physically Attractive ğŸ’•, Trustworthy â¤ï¸, Financially Stable ğŸ’°, Loyal & Honest ğŸ’, Family Oriented ğŸ‘¨â€ğŸ‘©â€ğŸ‘§â€ğŸ‘¦"
54,Vivaan,50,Male,Tamil Nadu,Bangalore,Student,189,"Hindi, Telugu",Hindu,Single,Non-Vegetarian,No,No,Leo,Animation,"Country, Bhojpuri, Folk, Rock","Continental, Mexican, Italian, Indian, Chinese","Reading, Fitness & Sports, Music, Movies & TV Shows",Non-binary people,Long-term / Serious Relationship,Ambivert,Love-cum-Arranged,"Supportive, Understanding, Respectful","Lack of communication, Irresponsibility, Immaturity","Family Oriented ğŸ‘¨â€ğŸ‘©â€ğŸ‘§â€ğŸ‘¦, Caring & Supportive ğŸ¤—"
55,Aman,55,Male,Tamil Nadu,Mumbai,Non-Student,162,"English, Telugu, Bengali",Muslim,In a Relationship,Non-Vegetarian,No,No,Aquarius,"Mystery, Documentary, Thriller, Animation, Romance","Rock, Folk",Continental,Movies & TV Shows,Non-binary people,Casual Dating,Extrovert,Love Marriage,"Patient, Confident, Optimistic","Anger issues, Cheating, Ego","Trustworthy â¤ï¸, Family Oriented ğŸ‘¨â€ğŸ‘©â€ğŸ‘§â€ğŸ‘¦"
56,Nikhil,45,Male,West Bengal,Patna,Student,187,"Bengali, Gujarati",Other,It's Complicated,Eggetarian,No,No,Scorpio,"Animation, Mystery, Horror, Romance","Rock, Pop, Indian Classical","Indian, Thai","Fitness & Sports, Movies & TV Shows, Reading",Non-binary people,Casual Dating,Extrovert,Love Marriage,"Supportive, Understanding, Respectful","Disrespect, Selfishness, Negativity","Financially Stable ğŸ’°, Loyal & Honest ğŸ’, Physically Attractive ğŸ’•"
57,Manish,30,Male,Tamil Nadu,Bangalore,Student,168,"Telugu, Gujarati, Marathi, English, Bengali",Christian,In a Relationship,Non-Vegetarian,Occasionally,Occasionally,Pisces,"Fantasy, Mystery, Sci-Fi, Action, Animation","Hip Hop, Rock, Bhojpuri, Country, Folk","Continental, Mexican, Chinese, Indian","Traveling, Anime, Movies & TV Shows, Fitness & Sports",Women,Open to Exploring,Extrovert,Love Marriage,"Supportive, Understanding, Respectful","Lack of communication, Irresponsibility, Immaturity","Family Oriented ğŸ‘¨â€ğŸ‘©â€ğŸ‘§â€ğŸ‘¦, Loyal & Honest ğŸ’"
58,Aarav,57,Male,Delhi,Lucknow,Student,162,"Gujarati, English, Punjabi, Bengali, Tamil",Muslim,It's Complicated,Eggetarian,Yes,Yes,Sagittarius,"Romance, Action, Animation","Jazz, Classical, Bhojpuri, Country","Indian, Continental","Anime, Fitness & Sports, Music, Movies & TV Shows, Traveling",Women,Friendship with Benefits,Introvert,Love Marriage,"Trustworthy, Loyal, Loving","Dishonesty, Arrogance, Laziness",Caring & Supportive ğŸ¤—
59,Ravi,55,Male,Uttar Pradesh,Kolkata,Student,153,Telugu,Christian,It's Complicated,Eggetarian,Occasionally,Yes,Cancer,Romance,Rock,"Continental, Mexican, Thai, Japanese, Chinese","Anime, Fitness & Sports",Women,Open to Exploring,Ambivert,Arranged Marriage,"Honest, Kind, Funny","Addiction, Disloyalty, Lying","Family Oriented ğŸ‘¨â€ğŸ‘©â€ğŸ‘§â€ğŸ‘¦, Financially Stable ğŸ’°"
60,Anshul,48,Male,Uttar Pradesh,Bangalore,Non-Student,187,Tamil,Christian,In a Relationship,Vegan,Yes,Yes,Pisces,"Fantasy, Documentary","Folk, Bhojpuri","Chinese, Japanese, Continental, Thai, Italian","Music, Fitness & Sports",Non-binary people,Long-term / Serious Relationship,Introvert,Arranged Marriage,"Honest, Kind, Funny","Addiction, Disloyalty, Lying",Loyal & Honest ğŸ’
61,Mohit,20,Male,Delhi,Bangalore,Non-Student,153,"Telugu, Bengali, English",Christian,It's Complicated,Vegan,Occasionally,No,Gemini,"Action, Mystery","Pop, Hip Hop, Bhojpuri, Country, Rock","Japanese, Continental, Italian, Mexican, Thai","Anime, Reading, Movies & TV Shows, Music",Men,Long-term / Serious Relationship,Extrovert,Arranged Marriage,"Trustworthy, Loyal, Loving","Dishonesty, Arrogance, Laziness","Loyal & Honest ğŸ’, Caring & Supportive ğŸ¤—, Physically Attractive ğŸ’•"
62,Ankit,31,Male,Uttar Pradesh,Patna,Non-Student,162,English,Christian,Single,Vegetarian,No,Yes,Leo,"Documentary, Animation, Horror",Rock,Chinese,Fitness & Sports,Women,Casual Dating,Introvert,Love Marriage,"Trustworthy, Loyal, Loving","Addiction, Disloyalty, Lying","Caring & Supportive ğŸ¤—, Loyal & Honest ğŸ’, Physically Attractive ğŸ’•"
63,Anshul,18,Male,Delhi,Kolkata,Student,164,"Telugu, English, Punjabi, Marathi, Hindi",Hindu,Single,Eggetarian,Occasionally,Yes,Gemini,"Animation, Mystery, Fantasy, Horror, Drama","Hip Hop, Bhojpuri, Pop","Chinese, Indian","Reading, Movies & TV Shows, Anime",Men,Friendship with Benefits,Extrovert,Love-cum-Arranged,"Trustworthy, Loyal, Loving","Lack of communication, Irresponsibility, Immaturity",Financially Stable ğŸ’°
64,Manish,45,Male,Uttar Pradesh,Delhi,Non-Student,187,"Telugu, Bengali, Gujarati",Hindu,In a Relationship,Vegan,Occasionally,Yes,Capricorn,Comedy,"Bhojpuri, Jazz, Country","Japanese, Thai, Indian, Italian","Traveling, Music",Non-binary people,Open to Exploring,Extrovert,Love Marriage,"Trustworthy, Loyal, Loving","Anger issues, Cheating, Ego","Family Oriented ğŸ‘¨â€ğŸ‘©â€ğŸ‘§â€ğŸ‘¦, Caring & Supportive ğŸ¤—"
65,Ravi,21,Male,Punjab,Patna,Non-Student,172,Marathi,Hindu,It's Complicated,Vegetarian,Yes,No,Leo,"Drama, Comedy, Documentary, Action",Pop,"Japanese, Italian, Continental","Anime, Reading",Non-binary people,Long-term / Serious Relationship,Introvert,Love Marriage,"Honest, Kind, Funny","Lack of communication, Irresponsibility, Immaturity","Physically Attractive ğŸ’•, Trustworthy â¤ï¸, Family Oriented ğŸ‘¨â€ğŸ‘©â€ğŸ‘§â€ğŸ‘¦, Caring & Supportive ğŸ¤—, Financially Stable ğŸ’°"
66,Arjun,55,Male,Karnataka,Ahmedabad,Non-Student,176,"Marathi, Telugu, Punjabi, Hindi",Muslim,In a Relationship,Vegetarian,No,Occasionally,Libra,"Thriller, Drama, Documentary, Animation","Bhojpuri, Jazz","Chinese, Indian, Japanese","Movies & TV Shows, Reading, Anime, Fitness & Sports",Men,Long-term / Serious Relationship,Extrovert,Love Marriage,"Supportive, Understanding, Respectful","Anger issues, Cheating, Ego","Loyal & Honest ğŸ’, Physically Attractive ğŸ’•, Caring & Supportive ğŸ¤—, Family Oriented ğŸ‘¨â€ğŸ‘©â€ğŸ‘§â€ğŸ‘¦, Trustworthy â¤ï¸"
67,Deepak,57,Male,Karnataka,Chandigarh,Non-Student,177,"Telugu, Tamil, Bengali, Gujarati, Punjabi",Christian,It's Complicated,Vegan,No,Occasionally,Capricorn,Action,Folk,"Thai, Chinese, Indian","Traveling, Anime, Movies & TV Shows, Reading, Music",Women,Casual Dating,Ambivert,Love Marriage,"Supportive, Understanding, Respectful","Lack of communication, Irresponsibility, Immaturity","Trustworthy â¤ï¸, Financially Stable ğŸ’°, Caring & Supportive ğŸ¤—, Physically Attractive ğŸ’•, Family Oriented ğŸ‘¨â€ğŸ‘©â€ğŸ‘§â€ğŸ‘¦"
68,Sandeep,55,Male,Karnataka,Mumbai,Student,185,Bengali,Christian,In a Relationship,Vegetarian,Yes,No,Aries,Horror,"Pop, Rock","Chinese, Japanese, Thai, Continental, Indian","Reading, Anime, Traveling",Women,Open to Exploring,Ambivert,Arranged Marriage,"Patient, Confident, Optimistic","Dishonesty, Arrogance, Laziness","Financially Stable ğŸ’°, Caring & Supportive ğŸ¤—, Family Oriented ğŸ‘¨â€ğŸ‘©â€ğŸ‘§â€ğŸ‘¦, Trustworthy â¤ï¸, Loyal & Honest ğŸ’"
69,Rahul,52,Male,West Bengal,Chandigarh,Non-Student,162,Gujarati,Muslim,In a Relationship,Eggetarian,No,Yes,Sagittarius,Animation,"Folk, Bhojpuri, Jazz, Pop","Italian, Mexican, Thai, Indian","Anime, Fitness & Sports, Traveling, Reading",Women,Open to Exploring,Ambivert,Love Marriage,"Loyal, Caring, Ambitious","Addiction, Disloyalty, Lying","Trustworthy â¤ï¸, Physically Attractive ğŸ’•, Financially Stable ğŸ’°, Family Oriented ğŸ‘¨â€ğŸ‘©â€ğŸ‘§â€ğŸ‘¦, Loyal & Honest ğŸ’"
70,Anshul,48,Male,Karnataka,Chennai,Student,184,"Punjabi, Telugu, Bengali, Marathi",Other,Single,Non-Vegetarian,Yes,Occasionally,Cancer,"Drama, Mystery, Horror, Action","Indian Classical, Rock, Country, Classical",Thai,"Anime, Movies & TV Shows, Music, Fitness & Sports, Traveling",Non-binary people,Casual Dating,Introvert,Arranged Marriage,"Patient, Confident, Optimistic","Dishonesty, Arrogance, Laziness",Family Oriented ğŸ‘¨â€ğŸ‘©â€ğŸ‘§â€ğŸ‘¦
71,Ankit,23,Male,West Bengal,Jaipur,Student,168,"Hindi, Bengali, English, Gujarati",Sikh,In a Relationship,Eggetarian,Occasionally,Yes,Capricorn,"Drama, Comedy, Documentary, Thriller","Indian Classical, Folk, Classical","Thai, Continental, Indian","Movies & TV Shows, Music, Traveling, Reading, Anime",Men,Casual Dating,Extrovert,Love Marriage,"Trustworthy, Loyal, Loving","Addiction, Disloyalty, Lying","Family Oriented ğŸ‘¨â€ğŸ‘©â€ğŸ‘§â€ğŸ‘¦, Loyal & Honest ğŸ’, Caring & Supportive ğŸ¤—"
72,Rahul,36,Male,West Bengal,Bangalore,Student,155,"Hindi, Telugu, English, Bengali, Tamil",Christian,It's Complicated,Non-Vegetarian,Occasionally,Occasionally,Capricorn,"Drama, Romance","Classical, Pop","Indian, Chinese, Japanese, Continental","Movies & TV Shows, Reading, Traveling, Music, Anime",Men,Casual Dating,Introvert,Arranged Marriage,"Supportive, Understanding, Respectful","Dishonesty, Arrogance, Laziness","Loyal & Honest ğŸ’, Caring & Supportive ğŸ¤—, Family Oriented ğŸ‘¨â€ğŸ‘©â€ğŸ‘§â€ğŸ‘¦"
73,Deepak,54,Male,Rajasthan,Delhi,Student,179,"Punjabi, Marathi, Gujarati, Telugu",Muslim,It's Complicated,Non-Vegetarian,Occasionally,Yes,Aries,"Sci-Fi, Mystery, Horror","Bhojpuri, Indian Classical, Rock, Jazz",Japanese,"Reading, Music",Non-binary people,Friendship with Benefits,Introvert,Arranged Marriage,"Patient, Confident, Optimistic","Dishonesty, Arrogance, Laziness","Caring & Supportive ğŸ¤—, Family Oriented ğŸ‘¨â€ğŸ‘©â€ğŸ‘§â€ğŸ‘¦, Loyal & Honest ğŸ’, Financially Stable ğŸ’°, Trustworthy â¤ï¸"
74,Sandeep,18,Male,Delhi,Ahmedabad,Student,180,Punjabi,Hindu,It's Complicated,Vegetarian,Occasionally,Yes,Sagittarius,"Comedy, Sci-Fi, Action, Drama, Thriller","Hip Hop, Folk, Pop, Bhojpuri","Mexican, Chinese, Indian, Italian, Thai","Traveling, Reading",Non-binary people,Casual Dating,Ambivert,Arranged Marriage,"Supportive, Understanding, Respectful","Anger issues, Cheating, Ego","Trustworthy â¤ï¸, Family Oriented ğŸ‘¨â€ğŸ‘©â€ğŸ‘§â€ğŸ‘¦, Caring & Supportive ğŸ¤—, Financially Stable ğŸ’°"
75,Ravi,52,Male,Punjab,Delhi,Student,153,"Bengali, English, Punjabi, Telugu",Other,In a Relationship,Vegan,Yes,Occasionally,Libra,"Drama, Comedy",Pop,Italian,"Anime, Music, Traveling, Fitness & Sports, Movies & TV Shows",Women,Long-term / Serious Relationship,Introvert,Love-cum-Arranged,"Supportive, Understanding, Respectful","Lack of communication, Irresponsibility, Immaturity","Financially Stable ğŸ’°, Loyal & Honest ğŸ’, Physically Attractive ğŸ’•, Family Oriented ğŸ‘¨â€ğŸ‘©â€ğŸ‘§â€ğŸ‘¦, Caring & Supportive ğŸ¤—"
76,Mohit,22,Male,Bihar,Ahmedabad,Non-Student,159,"Gujarati, Punjabi",Christian,In a Relationship,Vegan,Occasionally,Occasionally,Aries,"Thriller, Animation, Mystery, Drama, Romance","Classical, Indian Classical, Folk, Hip Hop, Bhojpuri","Mexican, Japanese, Continental, Chinese, Thai","Traveling, Fitness & Sports, Movies & TV Shows, Music, Reading",Men,Long-term / Serious Relationship,Ambivert,Love Marriage,"Loyal, Caring, Ambitious","Dishonesty, Arrogance, Laziness","Family Oriented ğŸ‘¨â€ğŸ‘©â€ğŸ‘§â€ğŸ‘¦, Physically Attractive ğŸ’•, Loyal & Honest ğŸ’, Financially Stable ğŸ’°, Caring & Supportive ğŸ¤—"
77,Aarav,24,Male,West Bengal,Chennai,Non-Student,181,"Gujarati, Telugu, Hindi, Tamil, Marathi",Other,It's Complicated,Vegetarian,No,Occasionally,Leo,"Animation, Horror, Action",Rock,"Japanese, Mexican","Anime, Music",Non-binary people,Open to Exploring,Introvert,Love Marriage,"Patient, Confident, Optimistic","Anger issues, Cheating, Ego",Trustworthy â¤ï¸
78,Rohan,49,Male,Rajasthan,Ahmedabad,Non-Student,160,"English, Gujarati, Marathi, Tamil, Bengali",Hindu,Single,Eggetarian,Yes,Occasionally,Aries,"Comedy, Sci-Fi, Thriller, Horror","Indian Classical, Folk, Jazz, Classical","Thai, Italian, Mexican, Continental, Indian","Fitness & Sports, Anime",Women,Casual Dating,Introvert,Love-cum-Arranged,"Patient, Confident, Optimistic","Addiction, Disloyalty, Lying","Physically Attractive ğŸ’•, Family Oriented ğŸ‘¨â€ğŸ‘©â€ğŸ‘§â€ğŸ‘¦, Trustworthy â¤ï¸, Loyal & Honest ğŸ’"
79,Nikhil,51,Male,Gujarat,Chandigarh,Non-Student,158,Marathi,Other,Single,Non-Vegetarian,No,Yes,Virgo,"Romance, Horror",Rock,"Mexican, Italian, Continental, Indian, Japanese","Reading, Movies & TV Shows, Fitness & Sports, Anime, Music",Non-binary people,Long-term / Serious Relationship,Introvert,Love-cum-Arranged,"Honest, Kind, Funny","Disrespect, Selfishness, Negativity","Physically Attractive ğŸ’•, Loyal & Honest ğŸ’"
80,Mohit,56,Male,West Bengal,Patna,Student,183,"Tamil, Gujarati, Marathi, Hindi, Punjabi",Muslim,Single,Eggetarian,Occasionally,No,Aquarius,"Sci-Fi, Action, Drama, Romance","Country, Bhojpuri","Continental, Thai","Music, Reading",Men,Casual Dating,Ambivert,Love Marriage,"Trustworthy, Loyal, Loving","Anger issues, Cheating, Ego","Family Oriented ğŸ‘¨â€ğŸ‘©â€ğŸ‘§â€ğŸ‘¦, Caring & Supportive ğŸ¤—, Loyal & Honest ğŸ’, Financially Stable ğŸ’°, Physically Attractive ğŸ’•"
81,Manish,31,Male,Maharashtra,Jaipur,Non-Student,172,"Bengali, Marathi, Telugu, Tamil",Christian,Single,Vegan,No,Occasionally,Virgo,"Animation, Drama, Horror, Fantasy, Documentary","Indian Classical, Jazz","Mexican, Chinese, Indian, Italian, Japanese","Anime, Fitness & Sports, Traveling, Movies & TV Shows",Non-binary people,Open to Exploring,Ambivert,Love Marriage,"Loyal, Caring, Ambitious","Dishonesty, Arrogance, Laziness","Loyal & Honest ğŸ’, Caring & Supportive ğŸ¤—, Family Oriented ğŸ‘¨â€ğŸ‘©â€ğŸ‘§â€ğŸ‘¦, Trustworthy â¤ï¸"
82,Mohit,45,Male,Delhi,Jaipur,Student,185,"Punjabi, Bengali, Telugu",Christian,Single,Vegetarian,Yes,Occasionally,Capricorn,"Action, Mystery, Animation","Hip Hop, Pop, Country, Classical",Chinese,"Movies & TV Shows, Reading, Traveling, Fitness & Sports",Women,Open to Exploring,Introvert,Love Marriage,"Honest, Kind, Funny","Disrespect, Selfishness, Negativity","Loyal & Honest ğŸ’, Financially Stable ğŸ’°, Physically Attractive ğŸ’•"
83,Vikas,44,Male,West Bengal,Ahmedabad,Student,154,English,Christian,It's Complicated,Non-Vegetarian,No,Yes,Sagittarius,"Sci-Fi, Documentary, Horror, Fantasy","Country, Rock, Jazz",Japanese,Fitness & Sports,Non-binary people,Long-term / Serious Relationship,Ambivert,Love-cum-Arranged,"Trustworthy, Loyal, Loving","Lack of communication, Irresponsibility, Immaturity",Financially Stable ğŸ’°
84,Sagar,17,Male,Gujarat,Kolkata,Student,153,English,Hindu,In a Relationship,Vegetarian,Occasionally,Yes,Sagittarius,"Documentary, Mystery, Drama, Thriller","Jazz, Folk","Chinese, Continental, Thai, Japanese","Reading, Anime, Fitness & Sports",Women,Casual Dating,Ambivert,Arranged Marriage,"Loyal, Caring, Ambitious","Disrespect, Selfishness, Negativity",Physically Attractive ğŸ’•
85,Mohit,36,Male,Maharashtra,Ahmedabad,Student,163,"Bengali, Hindi",Muslim,It's Complicated,Non-Vegetarian,Occasionally,Occasionally,Sagittarius,"Thriller, Mystery","Folk, Classical, Country, Bhojpuri, Hip Hop",Japanese,"Movies & TV Shows, Anime, Reading",Men,Open to Exploring,Introvert,Love Marriage,"Loyal, Caring, Ambitious","Dishonesty, Arrogance, Laziness","Financially Stable ğŸ’°, Caring & Supportive ğŸ¤—"
86,Rachita,19,Female,Karnataka,Kolkata,Student,166,"Tamil, Hindi",Sikh,It's Complicated,Vegetarian,Yes,Yes,Virgo,"Romance, Animation, Horror","Hip Hop, Pop, Indian Classical, Bhojpuri, Rock","Chinese, Thai, Japanese, Indian, Mexican",Traveling,Men,Casual Dating,Ambivert,Love Marriage,"Honest, Kind, Funny","Lack of communication, Irresponsibility, Immaturity",Trustworthy â¤ï¸
87,Diya,32,Female,Maharashtra,Kolkata,Non-Student,174,"Punjabi, Gujarati, Telugu, Tamil, English",Sikh,In a Relationship,Eggetarian,Yes,No,Cancer,"Documentary, Thriller, Mystery","Classical, Rock, Country","Thai, Mexican, Italian","Movies & TV Shows, Fitness & Sports, Traveling",Men,Casual Dating,Extrovert,Love-cum-Arranged,"Supportive, Understanding, Respectful","Dishonesty, Arrogance, Laziness","Trustworthy â¤ï¸, Family Oriented ğŸ‘¨â€ğŸ‘©â€ğŸ‘§â€ğŸ‘¦, Loyal & Honest ğŸ’"
88,Sanya,38,Female,Gujarat,Jaipur,Non-Student,160,Punjabi,Muslim,In a Relationship,Vegetarian,Yes,No,Scorpio,"Mystery, Animation, Horror","Jazz, Pop, Indian Classical, Country","Japanese, Indian, Italian, Continental, Mexican","Traveling, Reading",Non-binary people,Long-term / Serious Relationship,Extrovert,Arranged Marriage,"Honest, Kind, Funny","Dishonesty, Arrogance, Laziness","Loyal & Honest ğŸ’, Trustworthy â¤ï¸, Caring & Supportive ğŸ¤—, Financially Stable ğŸ’°"
89,Rachita,58,Female,Karnataka,Bangalore,Non-Student,166,"Gujarati, Tamil, Marathi",Other,In a Relationship,Eggetarian,Yes,Yes,Virgo,"Comedy, Sci-Fi, Drama, Action","Jazz, Indian Classical, Hip Hop","Continental, Italian, Thai, Chinese","Reading, Fitness & Sports",Men,Long-term / Serious Relationship,Introvert,Love-cum-Arranged,"Honest, Kind, Funny","Dishonesty, Arrogance, Laziness","Caring & Supportive ğŸ¤—, Physically Attractive ğŸ’•, Trustworthy â¤ï¸"
90,Aarohi,39,Female,Rajasthan,Mumbai,Non-Student,175,"Gujarati, Hindi, Tamil",Sikh,Single,Eggetarian,No,No,Pisces,Animation,"Jazz, Classical, Country","Italian, Continental, Mexican, Chinese",Movies & TV Shows,Men,Open to Exploring,Extrovert,Arranged Marriage,"Patient, Confident, Optimistic","Anger issues, Cheating, Ego","Loyal & Honest ğŸ’, Physically Attractive ğŸ’•, Family Oriented ğŸ‘¨â€ğŸ‘©â€ğŸ‘§â€ğŸ‘¦, Financially Stable ğŸ’°, Trustworthy â¤ï¸"
91,Nikita,18,Female,Delhi,Chennai,Student,170,"Hindi, Bengali, Gujarati, Punjabi",Sikh,In a Relationship,Eggetarian,Yes,Occasionally,Libra,"Animation, Comedy","Jazz, Rock",Japanese,"Fitness & Sports, Music, Movies & TV Shows, Anime, Traveling",Men,Friendship with Benefits,Extrovert,Love-cum-Arranged,"Supportive, Understanding, Respectful","Dishonesty, Arrogance, Laziness",Loyal & Honest ğŸ’
92,Bhavna,26,Female,West Bengal,Kolkata,Student,149,"Bengali, Telugu",Muslim,Single,Vegan,No,No,Gemini,"Thriller, Action, Horror, Drama","Indian Classical, Pop","Chinese, Continental","Anime, Music, Traveling",Non-binary people,Long-term / Serious Relationship,Extrovert,Love Marriage,"Supportive, Understanding, Respectful","Dishonesty, Arrogance, Laziness","Caring & Supportive ğŸ¤—, Loyal & Honest ğŸ’"
93,Kavya,35,Female,Tamil Nadu,Chandigarh,Non-Student,168,"English, Bengali",Hindu,In a Relationship,Vegan,Yes,Occasionally,Cancer,"Mystery, Animation, Drama, Horror, Comedy","Jazz, Hip Hop, Pop, Folk","Italian, Japanese","Reading, Music, Fitness & Sports, Movies & TV Shows",Men,Open to Exploring,Introvert,Love-cum-Arranged,"Supportive, Understanding, Respectful","Disrespect, Selfishness, Negativity","Physically Attractive ğŸ’•, Loyal & Honest ğŸ’, Family Oriented ğŸ‘¨â€ğŸ‘©â€ğŸ‘§â€ğŸ‘¦, Financially Stable ğŸ’°"
94,Pooja,56,Female,Maharashtra,Delhi,Non-Student,157,English,Muslim,Single,Eggetarian,Yes,Yes,Sagittarius,Thriller,Classical,Chinese,"Anime, Fitness & Sports",Men,Long-term / Serious Relationship,Introvert,Love-cum-Arranged,"Supportive, Understanding, Respectful","Lack of communication, Irresponsibility, Immaturity","Family Oriented ğŸ‘¨â€ğŸ‘©â€ğŸ‘§â€ğŸ‘¦, Financially Stable ğŸ’°, Physically Attractive ğŸ’•, Caring & Supportive ğŸ¤—, Trustworthy â¤ï¸"
95,Payal,46,Female,Punjab,Bangalore,Student,151,"English, Hindi, Marathi, Telugu",Other,It's Complicated,Vegan,Yes,Yes,Libra,"Comedy, Documentary, Fantasy, Sci-Fi","Folk, Classical, Jazz, Pop, Indian Classical","Italian, Thai, Indian","Traveling, Fitness & Sports, Music",Men,Casual Dating,Ambivert,Arranged Marriage,"Loyal, Caring, Ambitious","Dishonesty, Arrogance, Laziness","Loyal & Honest ğŸ’, Physically Attractive ğŸ’•, Financially Stable ğŸ’°"
96,Sneha,32,Female,Bihar,Jaipur,Non-Student,156,"Punjabi, Marathi, English, Hindi, Gujarati",Muslim,Single,Vegan,Yes,Yes,Gemini,"Documentary, Horror","Country, Bhojpuri, Indian Classical, Folk",Italian,"Music, Traveling, Reading, Movies & TV Shows",Non-binary people,Long-term / Serious Relationship,Ambivert,Love Marriage,"Trustworthy, Loyal, Loving","Anger issues, Cheating, Ego",Family Oriented ğŸ‘¨â€ğŸ‘©â€ğŸ‘§â€ğŸ‘¦
97,Isha,50,Female,Tamil Nadu,Kolkata,Student,147,"Tamil, English, Bengali, Marathi, Telugu",Muslim,It's Complicated,Eggetarian,Yes,Occasionally,Scorpio,"Comedy, Animation, Documentary","Bhojpuri, Folk, Indian Classical, Rock, Country","Chinese, Italian","Traveling, Anime, Fitness & Sports",Non-binary people,Casual Dating,Ambivert,Love-cum-Arranged,"Patient, Confident, Optimistic","Disrespect, Selfishness, Negativity",Caring & Supportive ğŸ¤—
98,Tanya,43,Female,Bihar,Jaipur,Non-Student,164,"Telugu, English, Tamil",Muslim,In a Relationship,Eggetarian,No,Occasionally,Pisces,"Horror, Drama","Hip Hop, Bhojpuri, Classical, Jazz",Chinese,"Fitness & Sports, Music, Reading",Women,Open to Exploring,Ambivert,Arranged Marriage,"Trustworthy, Loyal, Loving","Dishonesty, Arrogance, Laziness","Financially Stable ğŸ’°, Loyal & Honest ğŸ’"
99,Payal,37,Female,Tamil Nadu,Chandigarh,Student,173,"Marathi, Telugu, Bengali, Hindi",Other,It's Complicated,Non-Vegetarian,Yes,Yes,Cancer,"Documentary, Animation, Action, Horror, Mystery","Pop, Country, Hip Hop, Rock, Classical",Chinese,"Reading, Movies & TV Shows, Anime, Traveling, Music",Non-binary people,Long-term / Serious Relationship,Introvert,Arranged Marriage,"Loyal, Caring, Ambitious","Lack of communication, Irresponsibility, Immaturity","Loyal & Honest ğŸ’, Physically Attractive ğŸ’•, Trustworthy â¤ï¸"
100,Rachita,19,Female,Gujarat,Chandigarh,Student,179,"Hindi, English, Gujarati",Other,In a Relationship,Eggetarian,No,Yes,Taurus,"Comedy, Romance, Thriller, Mystery, Animation","Rock, Hip Hop, Classical","Chinese, Mexican, Thai","Traveling, Reading, Music",Men,Friendship with Benefits,Introvert,Love-cum-Arranged,"Trustworthy, Loyal, Loving","Addiction, Disloyalty, Lying","Financially Stable ğŸ’°, Physically Attractive ğŸ’•"
101,Aditi,44,Female,Punjab,Mumbai,Student,169,Punjabi,Hindu,In a Relationship,Non-Vegetarian,No,Occasionally,Libra,"Animation, Romance, Comedy, Mystery, Drama","Pop, Classical","Mexican, Continental","Anime, Fitness & Sports, Traveling",Women,Open to Exploring,Introvert,Love-cum-Arranged,"Loyal, Caring, Ambitious","Disrespect, Selfishness, Negativity","Physically Attractive ğŸ’•, Loyal & Honest ğŸ’"
102,Nikita,56,Female,Punjab,Jaipur,Student,150,"Punjabi, Bengali, Marathi, Gujarati",Sikh,Single,Vegetarian,No,Occasionally,Cancer,"Horror, Fantasy, Thriller, Romance","Hip Hop, Bhojpuri",Mexican,Reading,Women,Casual Dating,Ambivert,Love Marriage,"Loyal, Caring, Ambitious","Anger issues, Cheating, Ego","Loyal & Honest ğŸ’, Financially Stable ğŸ’°, Caring & Supportive ğŸ¤—"
103,Nikita,40,Female,Gujarat,Patna,Non-Student,167,"Punjabi, Telugu, Tamil, Hindi",Other,Single,Vegetarian,No,No,Aquarius,Action,Classical,"Japanese, Continental",Movies & TV Shows,Men,Open to Exploring,Introvert,Arranged Marriage,"Patient, Confident, Optimistic","Dishonesty, Arrogance, Laziness",Loyal & Honest ğŸ’
104,Simran,44,Female,Rajasthan,Delhi,Non-Student,172,"Marathi, Bengali",Other,In a Relationship,Eggetarian,Yes,Occasionally,Libra,Sci-Fi,"Folk, Bhojpuri, Jazz, Rock",Mexican,"Traveling, Movies & TV Shows, Reading, Fitness & Sports",Men,Open to Exploring,Introvert,Love-cum-Arranged,"Trustworthy, Loyal, Loving","Dishonesty, Arrogance, Laziness","Financially Stable ğŸ’°, Family Oriented ğŸ‘¨â€ğŸ‘©â€ğŸ‘§â€ğŸ‘¦, Trustworthy â¤ï¸"
105,Isha,50,Female,Rajasthan,Lucknow,Student,149,"Hindi, Telugu, Tamil, Marathi",Hindu,In a Relationship,Non-Vegetarian,Yes,Yes,Aquarius,"Thriller, Comedy, Documentary, Animation, Action",Jazz,"Indian, Japanese","Reading, Movies & TV Shows, Music, Fitness & Sports",Men,Casual Dating,Ambivert,Arranged Marriage,"Patient, Confident, Optimistic","Anger issues, Cheating, Ego","Family Oriented ğŸ‘¨â€ğŸ‘©â€ğŸ‘§â€ğŸ‘¦, Financially Stable ğŸ’°"
106,Rachita,30,Female,Bihar,Patna,Non-Student,175,"Tamil, Punjabi, Bengali, English, Gujarati",Other,Single,Eggetarian,No,Occasionally,Sagittarius,"Action, Documentary, Sci-Fi, Drama, Thriller","Pop, Classical, Rock","Mexican, Indian","Reading, Movies & TV Shows, Traveling",Non-binary people,Friendship with Benefits,Extrovert,Arranged Marriage,"Honest, Kind, Funny","Anger issues, Cheating, Ego",Financially Stable ğŸ’°
107,Bhavna,30,Female,Gujarat,Chennai,Non-Student,162,"Tamil, Hindi, Gujarati",Muslim,In a Relationship,Vegetarian,No,Yes,Scorpio,Action,Hip Hop,"Mexican, Continental, Thai","Movies & TV Shows, Traveling",Women,Long-term / Serious Relationship,Extrovert,Love-cum-Arranged,"Honest, Kind, Funny","Anger issues, Cheating, Ego","Family Oriented ğŸ‘¨â€ğŸ‘©â€ğŸ‘§â€ğŸ‘¦, Caring & Supportive ğŸ¤—, Trustworthy â¤ï¸"
108,Nikita,50,Female,Gujarat,Delhi,Non-Student,180,"Hindi, Gujarati",Hindu,Single,Vegan,Yes,No,Libra,"Documentary, Comedy, Drama, Sci-Fi","Hip Hop, Bhojpuri","Chinese, Indian","Reading, Music, Fitness & Sports, Traveling, Movies & TV Shows",Women,Friendship with Benefits,Ambivert,Arranged Marriage,"Honest, Kind, Funny","Dishonesty, Arrogance, Laziness","Physically Attractive ğŸ’•, Financially Stable ğŸ’°"
109,Diya,39,Female,Gujarat,Ahmedabad,Student,158,Telugu,Hindu,Single,Eggetarian,Yes,Occasionally,Gemini,"Action, Documentary, Animation","Indian Classical, Country, Folk","Thai, Chinese, Japanese, Indian",Movies & TV Shows,Men,Open to Exploring,Introvert,Love Marriage,"Patient, Confident, Optimistic","Anger issues, Cheating, Ego","Physically Attractive ğŸ’•, Loyal & Honest ğŸ’, Trustworthy â¤ï¸, Family Oriented ğŸ‘¨â€ğŸ‘©â€ğŸ‘§â€ğŸ‘¦, Financially Stable ğŸ’°"
110,Sneha,49,Female,Gujarat,Chennai,Non-Student,154,"Hindi, Punjabi, Telugu, Marathi, Bengali",Sikh,It's Complicated,Eggetarian,Occasionally,Yes,Capricorn,"Animation, Fantasy, Action","Pop, Country, Hip Hop, Indian Classical, Jazz","Chinese, Italian, Indian, Mexican","Movies & TV Shows, Anime, Music, Traveling",Men,Friendship with Benefits,Introvert,Arranged Marriage,"Patient, Confident, Optimistic","Dishonesty, Arrogance, Laziness","Trustworthy â¤ï¸, Loyal & Honest ğŸ’"
111,Meera,38,Female,Gujarat,Jaipur,Student,166,"Tamil, Bengali, Hindi",Christian,Single,Vegetarian,Yes,Occasionally,Taurus,"Comedy, Horror, Mystery, Animation, Sci-Fi",Rock,"Mexican, Italian, Japanese, Indian","Movies & TV Shows, Reading",Women,Long-term / Serious Relationship,Introvert,Arranged Marriage,"Loyal, Caring, Ambitious","Anger issues, Cheating, Ego",Financially Stable ğŸ’°
112,Naina,23,Female,Karnataka,Patna,Non-Student,168,"Hindi, Telugu, English",Sikh,Single,Non-Vegetarian,No,Occasionally,Sagittarius,"Mystery, Action, Romance, Horror, Animation","Bhojpuri, Indian Classical, Jazz, Rock","Chinese, Thai, Mexican, Indian, Japanese","Music, Movies & TV Shows, Fitness & Sports, Anime",Non-binary people,Long-term / Serious Relationship,Introvert,Arranged Marriage,"Supportive, Understanding, Respectful","Anger issues, Cheating, Ego","Financially Stable ğŸ’°, Loyal & Honest ğŸ’"
113,Ananya,47,Female,Punjab,Lucknow,Non-Student,179,"Hindi, Punjabi, Gujarati, Telugu",Other,It's Complicated,Vegan,Occasionally,Yes,Aries,"Action, Romance, Animation, Mystery, Drama","Hip Hop, Rock, Indian Classical, Pop","Mexican, Italian, Japanese","Fitness & Sports, Music",Non-binary people,Friendship with Benefits,Extrovert,Arranged Marriage,"Honest, Kind, Funny","Dishonesty, Arrogance, Laziness",Family Oriented ğŸ‘¨â€ğŸ‘©â€ğŸ‘§â€ğŸ‘¦
114,Priya,58,Female,Uttar Pradesh,Bangalore,Non-Student,164,"Hindi, Tamil, Telugu, Gujarati, Marathi",Muslim,It's Complicated,Vegan,Occasionally,Yes,Libra,"Fantasy, Horror, Romance, Mystery, Animation","Country, Jazz","Thai, Chinese, Japanese, Continental, Italian","Reading, Traveling, Music, Fitness & Sports",Non-binary people,Casual Dating,Extrovert,Arranged Marriage,"Patient, Confident, Optimistic","Addiction, Disloyalty, Lying","Caring & Supportive ğŸ¤—, Loyal & Honest ğŸ’, Family Oriented ğŸ‘¨â€ğŸ‘©â€ğŸ‘§â€ğŸ‘¦"
115,Tanya,19,Female,Uttar Pradesh,Chennai,Student,147,"Bengali, Hindi",Sikh,Single,Vegan,Yes,Occasionally,Taurus,"Action, Documentary, Drama","Hip Hop, Rock, Indian Classical, Classical","Japanese, Mexican, Thai, Continental, Chinese","Music, Reading, Fitness & Sports",Non-binary people,Open to Exploring,Extrovert,Love Marriage,"Patient, Confident, Optimistic","Dishonesty, Arrogance, Laziness","Trustworthy â¤ï¸, Caring & Supportive ğŸ¤—"
116,Riya,49,Female,West Bengal,Jaipur,Non-Student,169,Hindi,Sikh,Single,Vegan,Yes,Occasionally,Capricorn,"Horror, Romance, Animation, Mystery","Classical, Bhojpuri, Rock, Jazz, Folk",Mexican,Fitness & Sports,Women,Open to Exploring,Ambivert,Arranged Marriage,"Supportive, Understanding, Respectful","Dishonesty, Arrogance, Laziness","Family Oriented ğŸ‘¨â€ğŸ‘©â€ğŸ‘§â€ğŸ‘¦, Financially Stable ğŸ’°, Caring & Supportive ğŸ¤—, Loyal & Honest ğŸ’"
117,Meera,33,Female,Uttar Pradesh,Delhi,Student,147,"Marathi, Tamil, Bengali, Punjabi",Sikh,Single,Vegan,Yes,Occasionally,Gemini,Mystery,"Hip Hop, Bhojpuri, Jazz","Mexican, Indian, Continental, Thai","Fitness & Sports, Movies & TV Shows, Anime, Music",Women,Open to Exploring,Ambivert,Arranged Marriage,"Loyal, Caring, Ambitious","Lack of communication, Irresponsibility, Immaturity","Financially Stable ğŸ’°, Trustworthy â¤ï¸"
118,Kavya,53,Female,Delhi,Ahmedabad,Non-Student,177,"Tamil, Bengali",Other,In a Relationship,Eggetarian,Yes,No,Taurus,"Sci-Fi, Thriller, Mystery",Classical,"Japanese, Continental, Mexican, Italian","Movies & TV Shows, Fitness & Sports",Non-binary people,Long-term / Serious Relationship,Introvert,Love Marriage,"Patient, Confident, Optimistic","Anger issues, Cheating, Ego","Caring & Supportive ğŸ¤—, Financially Stable ğŸ’°, Trustworthy â¤ï¸, Family Oriented ğŸ‘¨â€ğŸ‘©â€ğŸ‘§â€ğŸ‘¦, Physically Attractive ğŸ’•"
119,Aditi,57,Female,Punjab,Delhi,Student,175,"Telugu, Hindi, Tamil, Gujarati, Punjabi",Christian,In a Relationship,Eggetarian,No,No,Capricorn,"Romance, Horror, Animation, Action","Indian Classical, Classical","Chinese, Thai, Mexican","Movies & TV Shows, Music, Fitness & Sports",Women,Open to Exploring,Introvert,Love-cum-Arranged,"Supportive, Understanding, Respectful","Addiction, Disloyalty, Lying","Financially Stable ğŸ’°, Trustworthy â¤ï¸, Physically Attractive ğŸ’•, Family Oriented ğŸ‘¨â€ğŸ‘©â€ğŸ‘§â€ğŸ‘¦"
120,Komal,56,Female,Punjab,Bangalore,Non-Student,162,"Bengali, Gujarati, English, Hindi, Telugu",Hindu,It's Complicated,Vegetarian,Yes,No,Sagittarius,"Animation, Comedy","Folk, Hip Hop","Thai, Italian","Music, Reading, Fitness & Sports, Movies & TV Shows, Anime",Non-binary people,Friendship with Benefits,Ambivert,Arranged Marriage,"Trustworthy, Loyal, Loving","Lack of communication, Irresponsibility, Immaturity","Physically Attractive ğŸ’•, Caring & Supportive ğŸ¤—, Financially Stable ğŸ’°, Trustworthy â¤ï¸"
121,Kavya,40,Female,Bihar,Chennai,Non-Student,175,Tamil,Other,Single,Eggetarian,Occasionally,No,Libra,"Drama, Romance, Horror, Action","Hip Hop, Bhojpuri","Continental, Mexican, Japanese, Indian","Traveling, Fitness & Sports, Anime, Reading, Movies & TV Shows",Women,Open to Exploring,Ambivert,Love Marriage,"Supportive, Understanding, Respectful","Anger issues, Cheating, Ego","Financially Stable ğŸ’°, Physically Attractive ğŸ’•"
122,Aarohi,21,Female,Maharashtra,Ahmedabad,Non-Student,149,Marathi,Other,Single,Vegan,Occasionally,No,Virgo,"Documentary, Fantasy, Romance, Horror, Animation","Pop, Classical, Hip Hop","Chinese, Indian, Thai, Continental","Movies & TV Shows, Fitness & Sports",Men,Casual Dating,Introvert,Love Marriage,"Supportive, Understanding, Respectful","Dishonesty, Arrogance, Laziness","Trustworthy â¤ï¸, Loyal & Honest ğŸ’"
123,Bhavna,39,Female,Rajasthan,Patna,Non-Student,167,"Marathi, English, Telugu",Sikh,In a Relationship,Eggetarian,Yes,No,Virgo,Mystery,"Classical, Country","Thai, Italian, Mexican",Reading,Women,Long-term / Serious Relationship,Ambivert,Love-cum-Arranged,"Loyal, Caring, Ambitious","Anger issues, Cheating, Ego","Physically Attractive ğŸ’•, Loyal & Honest ğŸ’, Caring & Supportive ğŸ¤—, Trustworthy â¤ï¸"
124,Sneha,24,Female,Delhi,Jaipur,Student,166,"Bengali, Marathi, Punjabi, Telugu",Christian,In a Relationship,Non-Vegetarian,No,Yes,Leo,Romance,"Rock, Hip Hop, Folk",Italian,Reading,Men,Open to Exploring,Ambivert,Love-cum-Arranged,"Supportive, Understanding, Respectful","Addiction, Disloyalty, Lying","Trustworthy â¤ï¸, Family Oriented ğŸ‘¨â€ğŸ‘©â€ğŸ‘§â€ğŸ‘¦, Caring & Supportive ğŸ¤—"
125,Rachita,31,Female,Tamil Nadu,Chandigarh,Non-Student,159,"English, Punjabi",Muslim,In a Relationship,Vegetarian,Yes,Yes,Scorpio,"Sci-Fi, Action, Animation, Drama, Horror","Bhojpuri, Rock, Classical","Japanese, Italian, Continental, Mexican, Chinese","Traveling, Reading, Anime, Fitness & Sports",Non-binary people,Long-term / Serious Relationship,Extrovert,Love Marriage,"Supportive, Understanding, Respectful","Lack of communication, Irresponsibility, Immaturity","Caring & Supportive ğŸ¤—, Trustworthy â¤ï¸, Family Oriented ğŸ‘¨â€ğŸ‘©â€ğŸ‘§â€ğŸ‘¦, Loyal & Honest ğŸ’, Physically Attractive ğŸ’•"
126,Kavya,30,Female,Tamil Nadu,Jaipur,Student,149,"Bengali, English, Telugu, Tamil, Gujarati",Other,It's Complicated,Vegan,Yes,No,Cancer,"Sci-Fi, Documentary, Animation, Romance, Thriller","Jazz, Bhojpuri","Mexican, Thai, Continental, Italian","Traveling, Music, Fitness & Sports, Reading, Movies & TV Shows",Non-binary people,Friendship with Benefits,Introvert,Love Marriage,"Honest, Kind, Funny","Dishonesty, Arrogance, Laziness",Physically Attractive ğŸ’•
127,Ananya,29,Female,Rajasthan,Jaipur,Non-Student,159,"Gujarati, English, Punjabi",Muslim,Single,Eggetarian,Yes,Occasionally,Gemini,"Animation, Romance, Comedy, Drama, Sci-Fi","Jazz, Classical, Rock, Pop, Bhojpuri","Indian, Thai, Continental, Italian","Music, Reading, Fitness & Sports",Women,Open to Exploring,Ambivert,Love-cum-Arranged,"Supportive, Understanding, Respectful","Disrespect, Selfishness, Negativity","Financially Stable ğŸ’°, Caring & Supportive ğŸ¤—, Loyal & Honest ğŸ’, Trustworthy â¤ï¸"
128,Priya,56,Female,Uttar Pradesh,Patna,Student,169,"Punjabi, Bengali, Hindi, Tamil, Telugu",Other,In a Relationship,Non-Vegetarian,Occasionally,Yes,Virgo,Mystery,"Rock, Folk, Country, Hip Hop","Japanese, Italian, Indian, Thai","Movies & TV Shows, Reading",Non-binary people,Open to Exploring,Ambivert,Arranged Marriage,"Honest, Kind, Funny","Disrespect, Selfishness, Negativity","Family Oriented ğŸ‘¨â€ğŸ‘©â€ğŸ‘§â€ğŸ‘¦, Caring & Supportive ğŸ¤—"
129,Aarohi,57,Female,Punjab,Mumbai,Non-Student,156,"Tamil, Punjabi",Christian,Single,Eggetarian,Yes,Occasionally,Libra,"Action, Thriller","Bhojpuri, Folk, Hip Hop","Continental, Japanese, Thai","Reading, Anime, Music",Men,Open to Exploring,Extrovert,Arranged Marriage,"Patient, Confident, Optimistic","Lack of communication, Irresponsibility, Immaturity",Loyal & Honest ğŸ’
130,Sanya,34,Female,Maharashtra,Patna,Non-Student,174,Marathi,Muslim,It's Complicated,Vegan,Occasionally,Occasionally,Scorpio,"Comedy, Horror","Rock, Hip Hop, Classical, Pop, Indian Classical","Continental, Chinese, Mexican, Italian, Indian","Traveling, Reading, Fitness & Sports",Men,Open to Exploring,Ambivert,Love-cum-Arranged,"Patient, Confident, Optimistic","Anger issues, Cheating, Ego","Financially Stable ğŸ’°, Physically Attractive ğŸ’•, Loyal & Honest ğŸ’"
131,Isha,31,Female,Gujarat,Patna,Non-Student,151,"Bengali, Punjabi, Telugu, Marathi, Hindi",Muslim,In a Relationship,Non-Vegetarian,Yes,Occasionally,Aquarius,"Thriller, Drama",Bhojpuri,"Continental, Japanese, Italian","Reading, Music",Non-binary people,Casual Dating,Ambivert,Love Marriage,"Supportive, Understanding, Respectful","Addiction, Disloyalty, Lying",Financially Stable ğŸ’°
132,Isha,56,Female,Delhi,Delhi,Student,174,"Marathi, Tamil, Gujarati, Telugu",Christian,Single,Non-Vegetarian,No,Occasionally,Aries,"Drama, Romance, Thriller, Comedy, Animation","Folk, Classical, Country, Rock, Indian Classical","Mexican, Continental","Movies & TV Shows, Anime, Reading",Non-binary people,Open to Exploring,Introvert,Love Marriage,"Loyal, Caring, Ambitious","Anger issues, Cheating, Ego","Trustworthy â¤ï¸, Caring & Supportive ğŸ¤—, Physically Attractive ğŸ’•, Financially Stable ğŸ’°"
133,Simran,24,Female,West Bengal,Mumbai,Student,159,"Telugu, Marathi, Tamil, Punjabi",Sikh,In a Relationship,Non-Vegetarian,Yes,Yes,Taurus,"Comedy, Documentary, Thriller, Animation, Mystery","Pop, Folk, Indian Classical, Country, Hip Hop","Indian, Japanese, Chinese",Anime,Men,Friendship with Benefits,Introvert,Love Marriage,"Trustworthy, Loyal, Loving","Anger issues, Cheating, Ego","Trustworthy â¤ï¸, Financially Stable ğŸ’°, Loyal & Honest ğŸ’, Physically Attractive ğŸ’•"
134,Isha,18,Female,Uttar Pradesh,Chennai,Student,150,Punjabi,Other,It's Complicated,Vegetarian,No,Yes,Scorpio,Comedy,Rock,"Italian, Thai","Anime, Movies & TV Shows",Men,Open to Exploring,Introvert,Arranged Marriage,"Honest, Kind, Funny","Anger issues, Cheating, Ego","Loyal & Honest ğŸ’, Financially Stable ğŸ’°"
135,Tanya,38,Female,Bihar,Chennai,Non-Student,149,"Hindi, English, Gujarati, Bengali, Punjabi",Hindu,In a Relationship,Non-Vegetarian,Occasionally,No,Scorpio,"Sci-Fi, Horror, Romance","Indian Classical, Pop, Classical, Jazz",Indian,"Reading, Fitness & Sports",Men,Long-term / Serious Relationship,Introvert,Love Marriage,"Loyal, Caring, Ambitious","Anger issues, Cheating, Ego","Caring & Supportive ğŸ¤—, Family Oriented ğŸ‘¨â€ğŸ‘©â€ğŸ‘§â€ğŸ‘¦"
136,Bhavna,18,Female,West Bengal,Lucknow,Non-Student,179,"Punjabi, Bengali, Hindi",Muslim,It's Complicated,Vegan,No,Yes,Taurus,"Thriller, Animation","Jazz, Folk","Italian, Chinese, Indian, Japanese","Anime, Music",Non-binary people,Casual Dating,Extrovert,Love Marriage,"Loyal, Caring, Ambitious","Dishonesty, Arrogance, Laziness","Loyal & Honest ğŸ’, Caring & Supportive ğŸ¤—, Family Oriented ğŸ‘¨â€ğŸ‘©â€ğŸ‘§â€ğŸ‘¦, Trustworthy â¤ï¸"
137,Isha,19,Female,Bihar,Patna,Non-Student,154,"Telugu, Hindi, Tamil, Punjabi, Marathi",Other,It's Complicated,Vegan,Occasionally,Occasionally,Pisces,"Mystery, Drama","Bhojpuri, Pop, Country","Thai, Indian, Chinese","Movies & TV Shows, Reading, Anime",Men,Friendship with Benefits,Introvert,Arranged Marriage,"Patient, Confident, Optimistic","Dishonesty, Arrogance, Laziness","Financially Stable ğŸ’°, Family Oriented ğŸ‘¨â€ğŸ‘©â€ğŸ‘§â€ğŸ‘¦, Caring & Supportive ğŸ¤—, Trustworthy â¤ï¸"
138,Sanya,56,Female,West Bengal,Mumbai,Student,155,"Punjabi, Telugu, Gujarati, Tamil",Other,Single,Vegetarian,Yes,Yes,Taurus,"Documentary, Action, Mystery, Comedy","Classical, Bhojpuri, Hip Hop","Japanese, Thai, Continental, Mexican, Italian","Fitness & Sports, Anime, Reading, Music, Traveling",Non-binary people,Long-term / Serious Relationship,Introvert,Love Marriage,"Honest, Kind, Funny","Addiction, Disloyalty, Lying",Financially Stable ğŸ’°
139,Pooja,48,Female,Tamil Nadu,Bangalore,Student,169,Telugu,Sikh,It's Complicated,Non-Vegetarian,Occasionally,Occasionally,Libra,"Mystery, Animation, Horror, Drama, Comedy","Pop, Hip Hop, Rock","Chinese, Indian",Anime,Non-binary people,Open to Exploring,Introvert,Love-cum-Arranged,"Loyal, Caring, Ambitious","Lack of communication, Irresponsibility, Immaturity",Caring & Supportive ğŸ¤—
140,Sneha,30,Female,West Bengal,Mumbai,Non-Student,159,"Bengali, Tamil",Sikh,In a Relationship,Vegan,No,Yes,Leo,"Comedy, Sci-Fi","Country, Hip Hop, Indian Classical, Classical","Japanese, Indian","Traveling, Movies & TV Shows, Music, Fitness & Sports",Non-binary people,Friendship with Benefits,Extrovert,Love-cum-Arranged,"Trustworthy, Loyal, Loving","Dishonesty, Arrogance, Laziness","Financially Stable ğŸ’°, Caring & Supportive ğŸ¤—"
141,Bhavna,17,Female,Tamil Nadu,Kolkata,Non-Student,163,"Telugu, Gujarati, Marathi",Sikh,Single,Vegan,Occasionally,Occasionally,Pisces,"Horror, Documentary, Drama, Sci-Fi",Pop,"Mexican, Thai, Japanese",Music,Men,Friendship with Benefits,Introvert,Love Marriage,"Loyal, Caring, Ambitious","Disrespect, Selfishness, Negativity","Physically Attractive ğŸ’•, Trustworthy â¤ï¸, Caring & Supportive ğŸ¤—, Financially Stable ğŸ’°"
142,Rachita,21,Female,Tamil Nadu,Patna,Non-Student,163,"Punjabi, Gujarati, English, Telugu",Muslim,It's Complicated,Vegetarian,No,No,Aquarius,"Mystery, Comedy, Thriller, Drama","Indian Classical, Bhojpuri, Country","Thai, Continental","Traveling, Reading, Anime, Music",Non-binary people,Open to Exploring,Ambivert,Love-cum-Arranged,"Patient, Confident, Optimistic","Addiction, Disloyalty, Lying",Caring & Supportive ğŸ¤—
143,Sanya,29,Female,Gujarat,Jaipur,Student,166,"Marathi, Tamil, Hindi",Muslim,Single,Eggetarian,No,Occasionally,Cancer,"Mystery, Romance, Action","Pop, Rock, Classical, Country","Indian, Chinese, Italian","Movies & TV Shows, Music, Reading",Women,Open to Exploring,Extrovert,Love Marriage,"Honest, Kind, Funny","Anger issues, Cheating, Ego","Loyal & Honest ğŸ’, Physically Attractive ğŸ’•"
144,Isha,36,Female,Bihar,Ahmedabad,Student,162,"English, Bengali",Christian,In a Relationship,Vegetarian,No,Occasionally,Gemini,"Thriller, Drama","Country, Folk, Classical","Continental, Italian, Chinese","Anime, Traveling, Fitness & Sports, Movies & TV Shows",Women,Friendship with Benefits,Ambivert,Love-cum-Arranged,"Loyal, Caring, Ambitious","Disrespect, Selfishness, Negativity","Caring & Supportive ğŸ¤—, Trustworthy â¤ï¸, Physically Attractive ğŸ’•"
145,Naina,46,Female,Punjab,Lucknow,Non-Student,159,"Telugu, Bengali",Hindu,In a Relationship,Vegetarian,Yes,Yes,Sagittarius,"Sci-Fi, Comedy, Fantasy, Documentary, Mystery","Hip Hop, Country, Indian Classical","Italian, Chinese, Indian, Thai, Continental",Fitness & Sports,Men,Friendship with Benefits,Introvert,Love Marriage,"Trustworthy, Loyal, Loving","Disrespect, Selfishness, Negativity","Trustworthy â¤ï¸, Physically Attractive ğŸ’•, Family Oriented ğŸ‘¨â€ğŸ‘©â€ğŸ‘§â€ğŸ‘¦, Loyal & Honest ğŸ’"
146,Nikita,17,Female,Delhi,Mumbai,Non-Student,179,"Gujarati, Bengali, Punjabi, Hindi",Other,It's Complicated,Vegetarian,No,No,Pisces,"Thriller, Fantasy, Comedy, Action, Romance","Jazz, Bhojpuri, Classical","Mexican, Continental, Indian, Italian, Thai","Reading, Traveling",Men,Casual Dating,Introvert,Love-cum-Arranged,"Patient, Confident, Optimistic","Dishonesty, Arrogance, Laziness","Physically Attractive ğŸ’•, Family Oriented ğŸ‘¨â€ğŸ‘©â€ğŸ‘§â€ğŸ‘¦, Loyal & Honest ğŸ’"
147,Aditi,47,Female,Tamil Nadu,Ahmedabad,Non-Student,163,"Tamil, Bengali, Gujarati",Hindu,It's Complicated,Non-Vegetarian,Occasionally,Yes,Gemini,"Mystery, Comedy, Sci-Fi","Hip Hop, Country, Folk, Indian Classical","Mexican, Indian, Chinese","Reading, Anime, Music",Men,Long-term / Serious Relationship,Extrovert,Arranged Marriage,"Honest, Kind, Funny","Addiction, Disloyalty, Lying","Family Oriented ğŸ‘¨â€ğŸ‘©â€ğŸ‘§â€ğŸ‘¦, Loyal & Honest ğŸ’, Physically Attractive ğŸ’•, Financially Stable ğŸ’°, Trustworthy â¤ï¸"
148,Meera,28,Female,Karnataka,Chandigarh,Non-Student,174,"Telugu, Bengali, Tamil, Punjabi, Gujarati",Sikh,Single,Vegetarian,Occasionally,Occasionally,Leo,Action,"Hip Hop, Pop, Jazz","Chinese, Continental","Traveling, Movies & TV Shows, Music",Non-binary people,Open to Exploring,Ambivert,Love Marriage,"Honest, Kind, Funny","Disrespect, Selfishness, Negativity","Caring & Supportive ğŸ¤—, Family Oriented ğŸ‘¨â€ğŸ‘©â€ğŸ‘§â€ğŸ‘¦"
149,Aditi,47,Female,Gujarat,Delhi,Student,168,English,Muslim,In a Relationship,Vegetarian,Yes,No,Libra,"Documentary, Fantasy, Drama, Romance","Bhojpuri, Hip Hop, Rock, Folk",Italian,Fitness & Sports,Men,Open to Exploring,Ambivert,Love Marriage,"Trustworthy, Loyal, Loving","Lack of communication, Irresponsibility, Immaturity",Trustworthy â¤ï¸
150,Riya,57,Female,Gujarat,Ahmedabad,Student,167,English,Christian,In a Relationship,Eggetarian,Occasionally,No,Gemini,Animation,"Hip Hop, Folk, Country, Indian Classical","Italian, Japanese, Mexican, Thai","Anime, Movies & TV Shows, Reading, Traveling, Music",Non-binary people,Long-term / Serious Relationship,Introvert,Arranged Marriage,"Loyal, Caring, Ambitious","Addiction, Disloyalty, Lying","Family Oriented ğŸ‘¨â€ğŸ‘©â€ğŸ‘§â€ğŸ‘¦, Loyal & Honest ğŸ’, Trustworthy â¤ï¸, Physically Attractive ğŸ’•, Caring & Supportive ğŸ¤—"
151,Kavya,41,Female,West Bengal,Kolkata,Non-Student,180,"Marathi, Tamil, Telugu, Punjabi, Bengali",Hindu,Single,Non-Vegetarian,Occasionally,No,Sagittarius,"Drama, Fantasy",Classical,"Mexican, Japanese, Continental","Reading, Traveling, Anime, Fitness & Sports, Movies & TV Shows",Women,Long-term / Serious Relationship,Extrovert,Love Marriage,"Honest, Kind, Funny","Dishonesty, Arrogance, Laziness",Financially Stable ğŸ’°
152,Aarohi,26,Female,Punjab,Bangalore,Non-Student,164,"Gujarati, Punjabi, Marathi",Hindu,Single,Vegetarian,No,Occasionally,Taurus,Sci-Fi,"Rock, Folk, Classical, Indian Classical, Bhojpuri","Thai, Mexican, Indian","Music, Reading, Anime, Movies & TV Shows",Men,Open to Exploring,Extrovert,Arranged Marriage,"Supportive, Understanding, Respectful","Dishonesty, Arrogance, Laziness","Financially Stable ğŸ’°, Trustworthy â¤ï¸, Caring & Supportive ğŸ¤—, Loyal & Honest ğŸ’, Family Oriented ğŸ‘¨â€ğŸ‘©â€ğŸ‘§â€ğŸ‘¦"
153,Komal,46,Female,Bihar,Patna,Student,147,"Marathi, English, Tamil, Gujarati, Punjabi",Christian,Single,Eggetarian,Yes,No,Taurus,"Drama, Thriller, Animation, Fantasy, Romance","Indian Classical, Pop, Hip Hop, Country, Classical","Chinese, Mexican","Fitness & Sports, Anime",Women,Open to Exploring,Introvert,Love Marriage,"Loyal, Caring, Ambitious","Lack of communication, Irresponsibility, Immaturity","Loyal & Honest ğŸ’, Physically Attractive ğŸ’•, Caring & Supportive ğŸ¤—, Trustworthy â¤ï¸, Family Oriented ğŸ‘¨â€ğŸ‘©â€ğŸ‘§â€ğŸ‘¦"
154,Payal,43,Female,Bihar,Bangalore,Non-Student,167,"Tamil, Bengali, Hindi, Telugu",Muslim,In a Relationship,Vegetarian,Yes,Occasionally,Pisces,"Comedy, Fantasy","Pop, Country, Hip Hop, Classical","Italian, Continental, Japanese, Indian","Reading, Fitness & Sports, Traveling, Anime",Women,Friendship with Benefits,Ambivert,Arranged Marriage,"Trustworthy, Loyal, Loving","Dishonesty, Arrogance, Laziness","Physically Attractive ğŸ’•, Caring & Supportive ğŸ¤—, Family Oriented ğŸ‘¨â€ğŸ‘©â€ğŸ‘§â€ğŸ‘¦, Trustworthy â¤ï¸, Loyal & Honest ğŸ’"
155,Sneha,48,Female,Tamil Nadu,Bangalore,Student,160,"Marathi, Telugu, Hindi, Bengali",Other,In a Relationship,Non-Vegetarian,No,No,Aquarius,Fantasy,"Country, Jazz, Rock","Japanese, Chinese","Anime, Reading, Fitness & Sports, Traveling, Music",Non-binary people,Friendship with Benefits,Introvert,Love-cum-Arranged,"Loyal, Caring, Ambitious","Dishonesty, Arrogance, Laziness","Trustworthy â¤ï¸, Family Oriented ğŸ‘¨â€ğŸ‘©â€ğŸ‘§â€ğŸ‘¦"
156,Bhavna,43,Female,Rajasthan,Lucknow,Non-Student,174,"Marathi, Telugu, English, Punjabi, Gujarati",Christian,Single,Non-Vegetarian,No,No,Taurus,"Horror, Mystery",Country,"Thai, Italian","Fitness & Sports, Traveling",Women,Long-term / Serious Relationship,Introvert,Love-cum-Arranged,"Patient, Confident, Optimistic","Disrespect, Selfishness, Negativity","Trustworthy â¤ï¸, Financially Stable ğŸ’°, Physically Attractive ğŸ’•, Family Oriented ğŸ‘¨â€ğŸ‘©â€ğŸ‘§â€ğŸ‘¦, Loyal & Honest ğŸ’"
157,Naina,48,Female,Rajasthan,Lucknow,Student,172,"Hindi, English",Other,Single,Vegetarian,Yes,Occasionally,Taurus,"Romance, Drama",Folk,"Continental, Japanese, Chinese","Anime, Music",Women,Long-term / Serious Relationship,Ambivert,Love-cum-Arranged,"Supportive, Understanding, Respectful","Anger issues, Cheating, Ego","Loyal & Honest ğŸ’, Physically Attractive ğŸ’•, Family Oriented ğŸ‘¨â€ğŸ‘©â€ğŸ‘§â€ğŸ‘¦, Trustworthy â¤ï¸, Caring & Supportive ğŸ¤—"
158,Isha,44,Female,West Bengal,Patna,Student,173,"Hindi, Marathi",Muslim,In a Relationship,Vegetarian,Yes,No,Leo,"Mystery, Documentary","Indian Classical, Classical, Country, Jazz","Italian, Thai","Anime, Reading, Movies & TV Shows, Traveling",Men,Open to Exploring,Extrovert,Arranged Marriage,"Patient, Confident, Optimistic","Lack of communication, Irresponsibility, Immaturity",Financially Stable ğŸ’°
159,Isha,51,Female,Rajasthan,Jaipur,Student,171,"Punjabi, English, Telugu, Marathi, Bengali",Christian,Single,Eggetarian,Occasionally,Yes,Scorpio,"Thriller, Comedy, Sci-Fi, Mystery, Romance","Pop, Rock, Jazz, Indian Classical, Hip Hop","Thai, Mexican, Chinese, Indian, Japanese","Movies & TV Shows, Reading",Men,Long-term / Serious Relationship,Extrovert,Arranged Marriage,"Supportive, Understanding, Respectful","Lack of communication, Irresponsibility, Immaturity","Physically Attractive ğŸ’•, Family Oriented ğŸ‘¨â€ğŸ‘©â€ğŸ‘§â€ğŸ‘¦, Financially Stable ğŸ’°, Caring & Supportive ğŸ¤—"
160,Payal,25,Female,Gujarat,Patna,Student,176,Telugu,Hindu,It's Complicated,Non-Vegetarian,No,Yes,Aquarius,"Comedy, Animation","Pop, Jazz, Country, Folk, Bhojpuri","Thai, Japanese","Anime, Traveling, Fitness & Sports, Reading, Movies & TV Shows",Men,Open to Exploring,Ambivert,Love Marriage,"Trustworthy, Loyal, Loving","Dishonesty, Arrogance, Laziness","Financially Stable ğŸ’°, Caring & Supportive ğŸ¤—"
161,Sanya,27,Female,Tamil Nadu,Chennai,Student,160,"Punjabi, Hindi, English",Muslim,In a Relationship,Vegan,No,Yes,Scorpio,"Drama, Thriller, Fantasy","Bhojpuri, Classical, Folk, Indian Classical","Japanese, Indian","Anime, Fitness & Sports, Reading, Traveling, Music",Men,Open to Exploring,Introvert,Arranged Marriage,"Patient, Confident, Optimistic","Dishonesty, Arrogance, Laziness",Loyal & Honest ğŸ’
162,Aarohi,29,Female,Rajasthan,Bangalore,Non-Student,176,Punjabi,Christian,Single,Vegetarian,Yes,No,Virgo,"Documentary, Thriller, Horror, Fantasy, Action","Bhojpuri, Classical, Folk","Japanese, Continental, Italian","Music, Anime, Fitness & Sports",Women,Long-term / Serious Relationship,Introvert,Love Marriage,"Trustworthy, Loyal, Loving","Lack of communication, Irresponsibility, Immaturity","Loyal & Honest ğŸ’, Trustworthy â¤ï¸, Financially Stable ğŸ’°, Family Oriented ğŸ‘¨â€ğŸ‘©â€ğŸ‘§â€ğŸ‘¦"
163,Isha,42,Female,Bihar,Kolkata,Student,164,Marathi,Muslim,It's Complicated,Vegan,No,No,Taurus,"Comedy, Documentary, Fantasy, Sci-Fi",Folk,"Thai, Chinese, Mexican, Continental",Traveling,Women,Casual Dating,Extrovert,Love-cum-Arranged,"Honest, Kind, Funny","Anger issues, Cheating, Ego","Family Oriented ğŸ‘¨â€ğŸ‘©â€ğŸ‘§â€ğŸ‘¦, Loyal & Honest ğŸ’, Trustworthy â¤ï¸"
164,Sneha,31,Female,West Bengal,Chennai,Student,157,"Marathi, Telugu, Tamil, English, Gujarati",Hindu,In a Relationship,Eggetarian,Yes,No,Capricorn,"Romance, Thriller, Drama","Indian Classical, Rock, Folk, Hip Hop, Pop","Japanese, Indian","Anime, Traveling, Movies & TV Shows",Men,Friendship with Benefits,Extrovert,Love-cum-Arranged,"Patient, Confident, Optimistic","Anger issues, Cheating, Ego","Caring & Supportive ğŸ¤—, Trustworthy â¤ï¸, Family Oriented ğŸ‘¨â€ğŸ‘©â€ğŸ‘§â€ğŸ‘¦"
165,Aarohi,56,Female,Delhi,Patna,Non-Student,154,"Gujarati, Marathi, English",Hindu,Single,Vegan,No,No,Aquarius,"Documentary, Horror, Thriller, Romance","Jazz, Country, Rock, Pop, Classical","Japanese, Continental, Thai","Music, Reading, Fitness & Sports",Non-binary people,Friendship with Benefits,Introvert,Love Marriage,"Honest, Kind, Funny","Dishonesty, Arrogance, Laziness",Trustworthy â¤ï¸
166,Priya,29,Female,Uttar Pradesh,Chennai,Student,163,"Bengali, Punjabi, Marathi, Hindi",Hindu,It's Complicated,Eggetarian,Occasionally,Occasionally,Pisces,Comedy,Classical,"Japanese, Italian, Mexican, Indian","Anime, Traveling, Movies & TV Shows",Women,Friendship with Benefits,Ambivert,Love Marriage,"Honest, Kind, Funny","Dishonesty, Arrogance, Laziness","Family Oriented ğŸ‘¨â€ğŸ‘©â€ğŸ‘§â€ğŸ‘¦, Loyal & Honest ğŸ’, Trustworthy â¤ï¸, Caring & Supportive ğŸ¤—"
167,Ananya,51,Female,Tamil Nadu,Delhi,Student,153,"Telugu, Punjabi",Christian,Single,Vegetarian,Yes,Yes,Cancer,"Drama, Fantasy, Mystery, Sci-Fi, Action","Folk, Jazz, Indian Classical","Continental, Indian, Thai","Movies & TV Shows, Reading, Anime, Fitness & Sports",Non-binary people,Casual Dating,Introvert,Love-cum-Arranged,"Loyal, Caring, Ambitious","Disrespect, Selfishness, Negativity","Trustworthy â¤ï¸, Caring & Supportive ğŸ¤—, Loyal & Honest ğŸ’"
168,Bhavna,33,Female,Karnataka,Kolkata,Non-Student,164,"Gujarati, Telugu",Hindu,It's Complicated,Vegetarian,Occasionally,Occasionally,Gemini,Horror,"Pop, Indian Classical, Bhojpuri, Classical","Indian, Mexican, Continental","Music, Anime, Fitness & Sports, Movies & TV Shows, Reading",Men,Friendship with Benefits,Extrovert,Arranged Marriage,"Supportive, Understanding, Respectful","Dishonesty, Arrogance, Laziness",Physically Attractive ğŸ’•
169,Naina,36,Female,Bihar,Mumbai,Student,162,"Marathi, English, Bengali, Telugu, Hindi",Hindu,In a Relationship,Non-Vegetarian,No,Occasionally,Pisces,"Action, Mystery, Animation","Bhojpuri, Classical","Chinese, Italian, Continental, Japanese","Fitness & Sports, Reading, Music, Traveling, Movies & TV Shows",Men,Friendship with Benefits,Introvert,Love-cum-Arranged,"Honest, Kind, Funny","Anger issues, Cheating, Ego","Caring & Supportive ğŸ¤—, Financially Stable ğŸ’°"
170,Aarohi,50,Female,Tamil Nadu,Kolkata,Non-Student,162,"Gujarati, Punjabi, Hindi",Sikh,Single,Vegan,Yes,Occasionally,Taurus,Fantasy,Jazz,"Continental, Chinese, Thai, Mexican","Fitness & Sports, Reading, Music, Anime, Movies & TV Shows",Non-binary people,Open to Exploring,Introvert,Arranged Marriage,"Honest, Kind, Funny","Dishonesty, Arrogance, Laziness","Family Oriented ğŸ‘¨â€ğŸ‘©â€ğŸ‘§â€ğŸ‘¦, Loyal & Honest ğŸ’"
171,Sneha,37,Female,Gujarat,Bangalore,Student,170,English,Muslim,Single,Vegetarian,Yes,Yes,Scorpio,"Horror, Fantasy, Thriller",Classical,"Italian, Indian, Japanese","Reading, Traveling, Movies & TV Shows, Music",Non-binary people,Long-term / Serious Relationship,Introvert,Arranged Marriage,"Honest, Kind, Funny","Disrespect, Selfishness, Negativity","Family Oriented ğŸ‘¨â€ğŸ‘©â€ğŸ‘§â€ğŸ‘¦, Trustworthy â¤ï¸, Loyal & Honest ğŸ’, Caring & Supportive ğŸ¤—"
172,Riya,21,Female,Bihar,Patna,Non-Student,155,"Bengali, Hindi, Gujarati, Punjabi, English",Other,It's Complicated,Eggetarian,Yes,No,Gemini,Action,"Folk, Bhojpuri, Country, Rock","Mexican, Thai","Reading, Movies & TV Shows",Men,Open to Exploring,Ambivert,Love Marriage,"Patient, Confident, Optimistic","Disrespect, Selfishness, Negativity","Family Oriented ğŸ‘¨â€ğŸ‘©â€ğŸ‘§â€ğŸ‘¦, Trustworthy â¤ï¸, Physically Attractive ğŸ’•, Caring & Supportive ğŸ¤—, Loyal & Honest ğŸ’"
173,Rachita,59,Female,Rajasthan,Bangalore,Student,151,"Gujarati, Punjabi, Bengali",Other,In a Relationship,Non-Vegetarian,Yes,Yes,Taurus,"Romance, Horror, Action, Thriller","Pop, Bhojpuri, Indian Classical, Country, Jazz","Continental, Chinese, Indian, Italian, Thai","Anime, Reading, Traveling",Men,Casual Dating,Ambivert,Arranged Marriage,"Supportive, Understanding, Respectful","Disrespect, Selfishness, Negativity","Physically Attractive ğŸ’•, Caring & Supportive ğŸ¤—, Family Oriented ğŸ‘¨â€ğŸ‘©â€ğŸ‘§â€ğŸ‘¦, Trustworthy â¤ï¸"
174,Priya,31,Female,Uttar Pradesh,Patna,Non-Student,145,"Hindi, Marathi, Gujarati, Telugu",Christian,Single,Vegetarian,No,Yes,Cancer,"Romance, Mystery, Action","Country, Folk",Japanese,"Music, Anime",Men,Casual Dating,Introvert,Love Marriage,"Loyal, Caring, Ambitious","Dishonesty, Arrogance, Laziness","Family Oriented ğŸ‘¨â€ğŸ‘©â€ğŸ‘§â€ğŸ‘¦, Trustworthy â¤ï¸"
175,Kavya,57,Female,Delhi,Delhi,Non-Student,149,"Bengali, Marathi, Tamil, Gujarati, Punjabi",Christian,In a Relationship,Eggetarian,Occasionally,Yes,Aquarius,"Fantasy, Animation, Horror, Drama, Sci-Fi","Rock, Folk","Chinese, Thai","Movies & TV Shows, Anime",Men,Long-term / Serious Relationship,Introvert,Arranged Marriage,"Patient, Confident, Optimistic","Disrespect, Selfishness, Negativity","Caring & Supportive ğŸ¤—, Physically Attractive ğŸ’•"
176,Sanya,41,Female,Gujarat,Bangalore,Non-Student,156,"Gujarati, Marathi, Tamil",Muslim,It's Complicated,Vegan,No,No,Leo,"Fantasy, Animation, Sci-Fi","Bhojpuri, Indian Classical",Indian,Reading,Non-binary people,Open to Exploring,Extrovert,Arranged Marriage,"Supportive, Understanding, Respectful","Anger issues, Cheating, Ego","Physically Attractive ğŸ’•, Family Oriented ğŸ‘¨â€ğŸ‘©â€ğŸ‘§â€ğŸ‘¦, Loyal & Honest ğŸ’, Caring & Supportive ğŸ¤—"
177,Rachita,30,Female,Uttar Pradesh,Patna,Non-Student,163,"Marathi, Telugu, Punjabi, Gujarati, Bengali",Hindu,It's Complicated,Eggetarian,No,No,Cancer,"Horror, Action, Thriller","Country, Folk, Rock, Indian Classical, Hip Hop","Mexican, Italian, Japanese, Continental","Music, Anime, Reading",Women,Friendship with Benefits,Ambivert,Love Marriage,"Patient, Confident, Optimistic","Dishonesty, Arrogance, Laziness",Financially Stable ğŸ’°
178,Naina,45,Female,West Bengal,Mumbai,Student,171,"Marathi, Gujarati, Tamil",Hindu,Single,Vegan,No,No,Aquarius,"Horror, Animation, Romance, Drama, Comedy","Country, Classical, Pop, Indian Classical","Italian, Japanese","Anime, Fitness & Sports, Traveling, Music, Reading",Non-binary people,Casual Dating,Extrovert,Arranged Marriage,"Patient, Confident, Optimistic","Addiction, Disloyalty, Lying",Loyal & Honest ğŸ’
179,Ananya,36,Female,Karnataka,Kolkata,Student,177,"Marathi, Hindi, Telugu, Punjabi, English",Sikh,Single,Eggetarian,Occasionally,No,Gemini,"Fantasy, Horror, Mystery, Documentary","Classical, Bhojpuri, Folk, Jazz, Pop","Chinese, Thai, Mexican, Continental","Fitness & Sports, Anime",Men,Open to Exploring,Ambivert,Love Marriage,"Honest, Kind, Funny","Lack of communication, Irresponsibility, Immaturity","Trustworthy â¤ï¸, Physically Attractive ğŸ’•, Loyal & Honest ğŸ’, Caring & Supportive ğŸ¤—, Financially Stable ğŸ’°"
180,Komal,46,Female,Tamil Nadu,Patna,Non-Student,157,"English, Bengali, Gujarati, Tamil",Sikh,In a Relationship,Vegetarian,Occasionally,Occasionally,Leo,"Fantasy, Action","Folk, Rock, Jazz, Classical, Pop","Japanese, Mexican, Chinese, Italian, Indian","Movies & TV Shows, Music, Reading, Traveling, Anime",Non-binary people,Friendship with Benefits,Ambivert,Arranged Marriage,"Honest, Kind, Funny","Anger issues, Cheating, Ego","Physically Attractive ğŸ’•, Caring & Supportive ğŸ¤—, Family Oriented ğŸ‘¨â€ğŸ‘©â€ğŸ‘§â€ğŸ‘¦, Financially Stable ğŸ’°"
181,Priya,58,Female,Karnataka,Jaipur,Student,159,"Telugu, English, Hindi",Sikh,Single,Vegan,Yes,Occasionally,Libra,"Comedy, Sci-Fi, Documentary, Thriller","Indian Classical, Rock, Bhojpuri, Folk","Italian, Japanese","Movies & TV Shows, Traveling",Non-binary people,Casual Dating,Introvert,Love-cum-Arranged,"Honest, Kind, Funny","Addiction, Disloyalty, Lying","Trustworthy â¤ï¸, Loyal & Honest ğŸ’"
182,Aditi,40,Female,Bihar,Jaipur,Non-Student,165,"Telugu, Hindi",Muslim,Single,Non-Vegetarian,No,Occasionally,Libra,"Romance, Action, Fantasy","Classical, Bhojpuri, Country, Jazz","Continental, Thai, Japanese, Italian","Traveling, Reading",Women,Casual Dating,Introvert,Love Marriage,"Patient, Confident, Optimistic","Lack of communication, Irresponsibility, Immaturity","Trustworthy â¤ï¸, Physically Attractive ğŸ’•, Financially Stable ğŸ’°"
183,Ananya,59,Female,Tamil Nadu,Patna,Student,151,"Telugu, English, Gujarati",Sikh,Single,Vegetarian,Yes,Occasionally,Gemini,"Fantasy, Action, Mystery, Horror, Animation","Rock, Indian Classical","Indian, Chinese, Japanese, Mexican, Continental","Anime, Movies & TV Shows",Women,Long-term / Serious Relationship,Introvert,Love Marriage,"Honest, Kind, Funny","Anger issues, Cheating, Ego",Financially Stable ğŸ’°
184,Pooja,57,Female,Gujarat,Delhi,Non-Student,179,"Tamil, Hindi, Gujarati, English",Sikh,Single,Eggetarian,Yes,Yes,Cancer,Horror,"Rock, Folk, Country","Chinese, Continental, Italian, Indian, Thai","Fitness & Sports, Music, Traveling, Reading, Anime",Men,Friendship with Benefits,Introvert,Love Marriage,"Honest, Kind, Funny","Addiction, Disloyalty, Lying","Financially Stable ğŸ’°, Physically Attractive ğŸ’•"
185,Priya,47,Female,Rajasthan,Ahmedabad,Non-Student,156,"Hindi, Marathi, Gujarati, Telugu",Other,It's Complicated,Vegetarian,Occasionally,No,Gemini,"Romance, Comedy, Fantasy",Folk,"Thai, Continental","Movies & TV Shows, Traveling",Men,Open to Exploring,Extrovert,Arranged Marriage,"Loyal, Caring, Ambitious","Addiction, Disloyalty, Lying","Loyal & Honest ğŸ’, Caring & Supportive ğŸ¤—"
186,Tanya,56,Female,Maharashtra,Patna,Non-Student,179,"Gujarati, Hindi",Other,In a Relationship,Vegetarian,Occasionally,Yes,Aquarius,"Thriller, Romance","Classical, Pop, Indian Classical","Italian, Japanese",Fitness & Sports,Men,Casual Dating,Extrovert,Love-cum-Arranged,"Loyal, Caring, Ambitious","Anger issues, Cheating, Ego","Caring & Supportive ğŸ¤—, Trustworthy â¤ï¸, Family Oriented ğŸ‘¨â€ğŸ‘©â€ğŸ‘§â€ğŸ‘¦, Financially Stable ğŸ’°"
187,Naina,27,Female,Bihar,Patna,Student,173,"Bengali, Tamil, Marathi, Gujarati, Punjabi",Christian,Single,Vegetarian,No,Yes,Capricorn,Romance,"Country, Rock","Indian, Japanese","Anime, Music",Non-binary people,Long-term / Serious Relationship,Introvert,Arranged Marriage,"Trustworthy, Loyal, Loving","Dishonesty, Arrogance, Laziness","Financially Stable ğŸ’°, Loyal & Honest ğŸ’"
188,Rachita,59,Female,Tamil Nadu,Lucknow,Non-Student,145,"English, Bengali, Punjabi",Hindu,Single,Vegetarian,No,No,Scorpio,"Horror, Action, Romance, Comedy, Animation",Classical,Continental,"Traveling, Movies & TV Shows, Reading",Men,Open to Exploring,Extrovert,Arranged Marriage,"Honest, Kind, Funny","Dishonesty, Arrogance, Laziness",Loyal & Honest ğŸ’
189,Tanya,52,Female,Delhi,Mumbai,Non-Student,147,"Marathi, Telugu",Sikh,It's Complicated,Eggetarian,Occasionally,Yes,Taurus,"Romance, Documentary",Country,"Continental, Japanese, Chinese, Mexican","Fitness & Sports, Movies & TV Shows, Traveling",Men,Open to Exploring,Ambivert,Arranged Marriage,"Loyal, Caring, Ambitious","Addiction, Disloyalty, Lying","Family Oriented ğŸ‘¨â€ğŸ‘©â€ğŸ‘§â€ğŸ‘¦, Loyal & Honest ğŸ’, Financially Stable ğŸ’°, Trustworthy â¤ï¸, Caring & Supportive ğŸ¤—"
190,Rachita,46,Female,Gujarat,Chandigarh,Non-Student,165,"Tamil, Telugu, Bengali, English, Punjabi",Sikh,Single,Vegan,Occasionally,Yes,Scorpio,"Thriller, Horror, Romance, Sci-Fi, Action",Hip Hop,"Thai, Japanese, Chinese, Italian","Reading, Traveling, Fitness & Sports, Anime, Movies & TV Shows",Non-binary people,Casual Dating,Introvert,Love-cum-Arranged,"Supportive, Understanding, Respectful","Anger issues, Cheating, Ego","Trustworthy â¤ï¸, Financially Stable ğŸ’°"
